Artist_id,Artist_name,Artist_location
ARMQHX71187B9890D3,Mastodon,"Atlanta, GA"
AR2PT4M1187FB55B1A,Los Chichos,
ARDI88R1187B98DAB2,Foxy Brown,
ARUKJUP12086C14589,Ramón Vargas;Vladimir Jurowski,
ARZEWUR1187FB53DC8,Enthroned,"Belgica -- Namur, Namur/Ghent, East Flanders"
ARUZRFN1187B98AC05,Bone Thugs-N-Harmony,"Cleveland, OH"
ARHBWOZ1187FB3FD53,Utopia,ITALY
ARR3ONV1187B9A2F59,Muse,UK
AR3THYK1187B999F1F,João Gilberto,
ARFELOH1187B991F95,Niraj Chag,
ARO0EUG1187B9AC250,Portable,
AR6CLFP1187B9ACB94,Daniel Johnston,"Sacramento, CA"
AR6WICD1187B998708,Christian McBride,"Philadelphia, PA"
ARMFOCL119B8668919,String Trio Of New York,
AR3GYKU1187B996AB9,Jim Kweskin,"Stamford, CT"
ARDOOH01187B991055,Ultraviolence,
ARVUAJC1187B9908A5,Speedball,Speedball
ARM63WJ1187B9951EA,Autumnblaze,
ARBQPXY1187B98D67B,Kris Kristofferson,"Brownsville, TX"
ARPVFV91187B98BB94,Cinder,
AR6TD9K1187B9A207D,Sister Rosetta Tharpe,"Cotton Plant, AR"
ARYF20K1187B9B76BD,George Lopez,"ORANGE, California"
ARH861H1187B9B799E,Johnny Cash,"Kingsland, AR"
ARHWRBR119B8669309,Hatesex,
ARE17W51187FB5381B,Rui Da Silva,London
AR8U8G41187B9A833B,Tim Exile,
ARQVTCN11E2835DFFD,Marcel Mouloudji,
AR8W2DS1187B9B6E36,Alex Theory,
ARHO1WI1187B98CB84,Michael Card,
ARYUHNV1187FB482AF,Megadrums,
AROBQ0B1187FB404F6,Walter Jackson,"Pensacola, FL"
ARYNSN31187FB4C573,Bizzy Bone Presents,"Columbus, OH"
ARE9SYU1187B9B9838,Jerry Reed,"OCALA, Florida"
ARZCXO91187FB53708,Justin,Georgia
ARPEJMN11F4C84080E,New Roanoke Jug Band,Virginia
ARJJRZ41187FB4C856,Floor,
ARELA4P1187B991507,Charles Williams,Texas
AR1VWD91187FB4CE99,The Animals_ Sonny Boy Williamson,Newcastle
ARUYVDC12086C11D5C,Fever Ray,Stockholm
ARUT60Q1187B9B90E9,Orquesta Broadway,
AR8Q4RZ1187FB46BDC,T-Bone Walker,"Linden, TX"
ARMBR4Y1187B9990EB,David Martin,California - SF
AR0CANF1187B9AF35F,Dilated Peoples,"Los Angeles, California"
ARDDTL91187B9974A7,Warren Barfield,
ARZJFLE12086C117FF,MN,
AR9OLFX1187B9A5762,Bob Wills,"Kosse, TX"
ARYPRAG11F50C48C62,Checkers,
ARYN8YT1187FB38396,Los Iracundos,
ARJ9DSA1187B990E00,John And The Bluesbreakers Mayall,
ARVUQIC1187B9A7C66,Hevia,
ARK6JC91187B9B4B2D,Babbie Mason,United States
AROGAPH1187B98CF9C,Benabar,
AR8ACFK1187B9B4063,Champion Jack Dupree,"New Orleans, LA"
ARLDW2Y1187B9B544F,Tommy James & The Shondells,"Dayton, OH"
ARELA4P1187B991507,Charles Williams,Texas
ARELFAE1187FB40D0A,Bally Sagoo,
ARMAOIY1187B9A3893,Jerry Yan,
ARRPCKN1187FB5BA2F,Z.Z. Hill,"Naples, TX"
ARDGBFI1269FCD6AA6,The Grease Band,
ARGEKDX1187FB3A5BF,Marcus Miller,"Brooklyn, NY"
ARGXNS21187B999665,Tina Britt,Florida
ARFZNDU1187FB417FC,X-Static,
AR0NQD81187FB3AD13,Gary Morris,"Fort Worth, TX"
AR0B5HI1187B9B9DB9,Silvério Pessoa,
AR4L4WQ1187FB51996,The Prodigy,"Braintree, Essex, England"
ARKRQSV1187B99FB13,Deborah Allen,"Memphis, TN"
ARB3YS71187FB4E54E,Tomorrow,
ARJPZSG1187FB3E985,John Holt,"Kingston, Jamaica"
ART09111187FB5BF48,Ty Herndon;Stephanie Bentley,"Meridian, MS"
ARH4Z031187B9A71F2,Faye Adams,"Newark, NJ"
ARDEC2A1187B9A460E,Chimaira,"Cleveland, OH"
ARZBYDY1187FB46DD7,Cali,Vernet les Bains
AR0N0DX1187FB41327,The Master Musicians of Jajouka featuring Bachir Attar,"London, England"
ARMW8O71187B98CD90,Angélla Christie,
ARFCOGY1187FB454B4,The Winans,"Detroit, MI"
ARQCHDN1187FB4C7C2,Luiz Bonfa,"Rio de Janeiro, Brazil"
AROIHOI122988FEB8E,Mario Rosenstock,
ARE8GLF1187FB52532,Red Hot Chili Peppers,
ARJBWQI1187B9B17D1,Trivium,"Orlando, FL"
ARENLSD1241B9C71B9,Mack and Jamie,
ARYZV2X1187B997BE7,Chris Standring,California - LA
ARM0RY81187B9AF248,Jerry Goldsmith,"Los Angeles, CA"
AR9F71I1187FB46CAF,Gordon MacRae,
ARJ9DSA1187B990E00,John Mayall & The Bluesbreakers,
ARTDUXM1187B9899ED,Charley Patton,"Edwards, MS"
ARUWB5W1187B98D7A1,Ensiferum,"Helsinki, Finland"
ARTJPHB1187B9968E5,The Race,
ARIULTJ1187B9A2017,Neviss,
AR4TLW81187B99683D,Martin Sexton,"Syracuse, NY"
ARVNIVQ1250941026F,Dylan Kuo,
ARNNHLN1187FB42912,Yahir,"Hermosillo Sonora, Mexico"
ARZJ4MI1187B9AF5AF,Reel Big Fish,"Orange County, CA"
AR502DZ1187B98F8E1,Brian Dullaghan,
ARE08BN1187B98FCA3,Der Plan,
ARSWXNX1187FB3D04E,Chango Spasiuk,Argentina
ARFERPC1187FB557F6,Hacken Lee,
ARIJ7MR1187B9B484E,Peggy Zina,
AR93D4D1187FB3ACAD,J.J. Cale,"Oklahoma City, OK"
ARPOPBQ11F4C83D36D,DJ Spinn,
ARMKO9M1187B9B0848,Theodis Ealey,Georgia
ARKYI5T1187B99334F,Janet Paschal,North Carolina
ARWHM281187FB3D381,Souls Of Mischief,"Oakland, CA"
ARI4NXX1187FB59DF2,Raze,Wisconsin
AR7Y6JX1187FB4D9B3,Bad Brains,"Washington, D.C."
ARQ0BZY1187B99F093,Everyday Sunday,"Columbus, OH"
AR3KXHI1187FB3A8BF,Dora The Explorer,
AR3SEQM1187B98E9E8,Kix,"Hagerstown, MD"
AR03BDP1187FB5B324,Britney Spears,"Kentwood, LA; Los Angeles, CA"
ARH8B5X1187FB3B6C0,Skeletonwitch,
AR5BX3Y1187FB39E93,Slightly Stoopid,"Ocean Beach, San Diego, CA"
ARS2FUA1187B9ADABF,Indigenous,South Dakota
ARAPI451187B9B6E6F,John Michael Talbot,"Oklahoma City, OK"
ARS0W831187B9AF0B7,Maximilian Hecker,
ARVML4B1187FB52324,Leroy Hutson,"Newark, NJ"
ARUZL121187FB4B42D,True Believers,
ARGSAFR1269FB35070,Blingtones,
AROVE3N1187FB44DAD,Charlie Cruz,
ARASYMJ1187B9ACAF2,Whitesnake,"London, England"
AR937CC1187B99B9B9,Los Abuelos De La Nada,
ARZU9NI1187B9AEE08,Babylon Disco,Karlstad
ARP9QX11187FB50EEB,Ulytau,
ARMSW7X1187FB5B504,Dave Eggar,California - LA
ARDAONS11F4C844929,Ray Kane,
AROLZEM1187B9A805E,Ashes to Ashes,NORWAY
AR22KLC1187B98E812,Kaija Koo,
AR05VW21187FB407B4,Fudge Tunnel,Nottingham
AR180PG1187B997BAE,Donnie Brooks,"Dallas, Texas"
ARVWNTI1269FB34C59,SOJA,
ARJGIOD1187B9AE920,Kelly Clarkson,
AR64N1H1187B996199,Edgar Bori,Montreal
AR6Y8JF1187B9BA1D5,Jimmy Witherspoon,"Gurdon, AR"
ARSVRVA1187B99228A,The Nelons,
AR202MX1187B9B0383,Tanto Metro & Devonte,
ARNR58F1187FB52FA9,BigElf,
AR9YWMS1187FB43A34,Dinosaur Jr.,"Amherst, MA"
AR1GNFR1187B9AD1FD,The Exies,"Los Angeles, CA"
ARNJVSL1187B99AFD4,2raumwohnung,"Berlin, Germany"
ARGMXQW1187FB54C34,Eliane Elias,"Sao Paulo, Brazil"
ARE0OLY1187B9AD19F,Jesse Malin and The St. Marks Social,"Whitestone, Queens, NY"
AR16T2D1187B98ABF4,Zimbabwe Legit,
ARHZCG01187B99E4DE,Stanley Clarke,"Philadelphia, PA"
ARY02GH1187B99B223,Zombie Girl,"Edmonton, Alberta, Canada"
ARFY8NV1187B9B1961,Der Moderne Man,
ARA7WV51187FB532B0,GG Allin,"Lancaster, NH"
ARUGX5X1187FB468C4,Dino,"Encino, CA"
ARWQ2DR1187B98FF28,Ma Rainey,"Columbus, GA"
AR1LQNB1187B9A6AE5,La Portuaria,
ARWDP431187FB56492,Spinal Tap,
AR0XSOO1187B9B9E88,Buzzcocks,London / Ex-Manchester
ARW1MUW1187FB4D5A1,3 Doors Down,"Escatawpa, MS"
ARI8GY11187B988DF4,Hemdale,
AROVSYC119B3403921,Gus Viseur,
ARWJHW61187B98FA8E,Papa Wemba,"Kasai, Zaire"
AR609UN1187FB53FA1,Pride Tiger,
ARZOVCV11F4C83D9FA,Bamberg Symphony Orchestra and Hans Swarowsky,
ARA373P1187B9A74C7,Barbarito Diez,
ARS1DCR1187B9A4A56,Winston Reedy,
AR5U94U1187FB5CDCF,John Hammond,
AR8SRQ31187FB4D477,Ten Years After,"Nottingham, England"
ARWSMC91187B9AD369,Helen Love,"Cardiff, Wales"
ARXTM8U1187B99F200,Pablo Montero,
ARJ1W5M1187FB458F3,Sweet,"London, England"
ARBEBBY1187B9B43DB,Tom Petty And The Heartbreakers,"Gainesville, FL"
ARWI6LR1187FB46E9F,Richard Galliano,"Le Cannet, France"
ARTXS851187FB411C7,Chris Farlowe,"Essex, England"
ARDHKHJ1187B9B62EA,Steve Wilson,Texas
ARKQ9JM1187FB57521,A.Z.,"Oakland, CA"
ARH0NCL1187B99B41A,Quadro Nuevo,
ARADF5Q1187B98DAE7,Francisco Céspedes,
ARX2DLI1187FB4DD03,The Presets,"Sydney, Australia"
AR7C6G11187B9B4C1E,Jennifer Lopez,"The Bronx, New York"
AR9RTS51187B996CC8,John Legend [feat. Buju Banton],Hawaii
ARGO67V1187B9968D2,Saosin,California
AR039B11187B9B30D0,John Williams,"NEW YORK, New York"
ARG9E8O1187B99AB4F,Bury Your Dead,"Boston, Massachusetts"
ARSVRVA1187B99228A,The Nelons,
AR27XEH1187FB4EC83,Les Blaireaux,Lille (59)
ARFG9M11187FB3BBCB,C-Side & Petit Mal,Nashua USA
ARJJRZ41187FB4C856,Jewel,"Payson, UT"
ARWG0541187FB364EC,Las Ketchup,
ARTE9CG1187B99B1AF,DMX,
AR7CCCC1187FB578FF,Don Gibson,"Shelby, North Carolina"
ARBM57Q1187B9AF97C,James Horner,"Los Angeles, CA"
AR02YGA1187B9B8AC4,Bersuit Vergarabat,Buenos Aires
ARI6OUG1187B989234,Izzy,
ARQPSAB1269FCD243F,Acorps de Rue,
ARXCUQE1187B9ADD91,Pee Wee King,"Milwaukee, WI"
ARODBRG1187FB3FD99,Nick Cave & The Bad Seeds,
ARYA9ZH119B8668A81,Our Time Down Here,Great Britain / UK
ARRXG5Y1187B9AA016,G-Unit,ABD
AR6AGJV1187FB504BA,Kitaro,"Toyohashi, Japan"
AR2ABYH1187B9A0C67,Bröderna Djup,
AR0X3JJ1187FB3A9A7,Hank Locklin,"McLellan, FL"
AR1JGQT1187FB56878,Jo-El Sonnier,"Rayne, LA"
AR0DSOO1187B9B855E,Wailing Souls,
ARKPDBH1242077DEB1,Murskahumppa,
ARN7OQ21187FB5A6B3,Furry Lewis,"Greenwood, MS"
AR1ZYLH1187B98C159,Naughty By Nature;Naughty By Nature featuring Zhane,"East Orange, NJ"
ART9VCW1187B9B6FE6,Lili Ivanova,
ARH6W4X1187B99274F,Radiohead,"Oxford, UK"
ARB06Z71187B99049A,Seamus Egan,
ARP32X81187B99EBF5,Vanessa Bell Armstrong,"Detroit, MI"
ARMBDNQ1187FB3F3EC,Arthur Tracy,"Kamenetz-Podolsk, Moldavia"
AR1PCLK1187FB5BBFF,Angelo Badalamenti,New Jersey
ARXP7MQ1187FB3AC5F,Dave Hollister,LOWELL
AR8LD3R1187FB4D08F,C.C. Adcock,Louisiana
AR0X3JJ1187FB3A9A7,Hank Locklin,"McLellan, FL"
ARASYMJ1187B9ACAF2,Whitesnake,"London, England"
ARNNBW81187FB55594,We Show Up On Radar,nottingham
AR202MX1187B9B0383,Tanto Metro & Devonte,
AR9YS621187FB5AC07,The Clark Sisters,
ARM5JLS1187FB3615B,Tammy Wynette,"Itawamba County, MS"
ARQGNEN1187FB4494C,Gabinete Caligari,
AR1WU211187FB57E2B,Terry Riley,"Colfax, CA"
AR2CM6U1187B999EB7,Basic Channel,"Berlin, Germany"
ARODP5P1187FB40142,Eddie Cano,
AR3DYAD1187FB3964E,Chet Atkins,"Luttrell, TN"
AR69GPS1187B99E556,SUMO,New Hampshire
ARPLE851187B9B2B7C,Superchumbo,
ARMFGS71187B98ED03,liquid soul & freq,
AR0I2BV1187FB3D89F,Enslavement Of Beauty,NORWAY
ARHU9211187B9B7E0E,Fort Minor (Featuring Mr. Hahn),LA California
ARBOG0H1187B99F775,MxPx,"Bremerton, WA"
ARKJVHY11E2835E76B,Sonny Terry & Brownie McGhee,Massachusetts
ARDL6T21187FB36FDD,C.J. Chenier,"Port Arthur, TX"
ARPPTNG11F50C482A3,Mercedes Castro,
ARGMRRK1187FB5BE1F,Dean Elliott And His Big Band,
ARVN9FZ1187FB393F1,Snow Patrol,"Dundee, Scotland"
ARVMFE61187B992463,Darwin Hobbs,
ARWQQYJ1187B9ADC4C,Anubis Spire,NY - Upstate NY
ARWRS4D1187FB3FCD4,Elakelaiset,
ARVSDB11187FB4270B,The Creation,"Middlesex, England"
AR573WK1187FB47167,The Balustrade Ensemble,san francisco
ARMJAGH1187FB546F3,The Box Tops,"Memphis, TN"
AR6DD3C1187FB3D775,Beaver Harris,"Pittsburgh, PA"
ARF3L8J1187B9B7866,Astarte,"Athens, Greece"
ARIUHYM1187B9AEAE4,Ultimate Fakebook,"Manhattan, Kansas"
ART3O5Z1187B9AB043,Stevie Ray Vaughan And Double Trouble,"Dallas, TX"
ARPOPBQ11F4C83D36D,DJ Spinn,
ARU24791187B996E24,Prisma,Switzerland
ARB29H41187B98F0EF,Terry Callier,Chicago
ARB5TJM1187B9A71FD,Finntroll,
ARNQ7UN1187B98EE77,Novaspace,"Berlin, Germany"
AR31G891187FB3892D,Laid Back,Denmark
ARP96FM1187B9AEA77,Semisonic,"Minneapolis, MN"
AR7CCS31187B98C531,Tom Barabas,
ARUG6DV1187B992475,Willie Clayton,"Indianola, MS"
AR2PNSZ1187B9AF0A4,Pardesi,
ARWYDXE12420780913,Baby Grand,California
ARMEUT11187B9BA155,Steve Riley & The Mamou Playboys,
ARMLW331187B9923F9,DJ Ostkurve,
AR5DXUU1187B9B0E42,Falco,"Vienna, Austria"
ARHK7A51187FB411D8,Roy Rogers,"Redding, CA"
ARO89GU1187B98ADA2,Reni,"Manchester, England"
ARN5BHA1187B99E072,Leonard Kwan,
ARWD82K1187B98CFF2,Cracker,Richmond VA
ARWXHRS1241B9C7A1E,Thomas Battenstein,
ARJAOPV1187B9A96D9,Javier Mendoza Band,United States
ARQFPCY1187FB552CE,Sapo,California - LA
ARTB5PP1187FB523B7,Donny Hathaway,"Chicago, IL"
ARPKGV01187B9939F5,The Charms,Mass. - Boston
ARBQPXY1187B98D67B,Kris Kristofferson,"Brownsville, TX"
AR10USD1187B99F3F1,Silverstein,"Burlington, Ontario, Canada"
AR6J3X81187FB59A7B,Matisyahu,"Brooklyn, NY"
ARJXULI11F4C83C865,Béla Fleck,
ARRLCY71187B9A0FC6,Jongo Trio,
ARSW5F51187FB4CFC9,Alice In Chains,"Seattle, WA"
ARWZSFC1187FB567BF,Eddie Money,"Brooklyn, NY"
ARB06Z71187B99049A,Séamus Egan,
AR56P361187B9AC4DB,Gary Moore,"Belfast, Northern Ireland"
AR0S7TA1187FB4D024,Christina Aguilera,
ARJA5XT1187B9B89AA,David Tao,
ARIP54S1187FB53259,Jaime Urrutia,
AR5RA3W1187B9B4A22,Pepe Kalle,
ARTTFAQ1187B98E4FA,Kiprich,
AREY3RN1187B993C5F,Goatwhore,"New Orleans, LA"
ARYVLXY1187FB373B0,Maurane / Lara Fabian,"Ixelles, Belgium"
AR7LIU31187B98EF11,Rita Chiarelli,
ARL6UP41187FB5C604,Facto Delafe y las flores azules,
ARCID1N1187FB51DA0,Carlos Nuñez,
ARUILCK12086C13991,Antonio Bribiesca,
ARNLW7H1187B99EC9D,Trick Trick / Eminem,
ARD3LXU1187B9ABFC5,Sex Pistols,
ARPHH7Z1187B9B6A3A,Franco,"Sona-Bata, Zaire"
ARXPPEY1187FB51DF4,Michael Jackson,
ARW90Y31187B98FC7C,Pinchers,
ARW1MUW1187FB4D5A1,3 Doors Down,"Escatawpa, MS"
AR6ZYK41187B9996BB,Kenny Price,
AR3Q48J1187FB55278,The Rapture,
ARDNUIN1187B98CB45,Cândido,
ARZVEF91187B9AC770,Elliot Goldenthal,"New York, NY"
ARUKJUP12086C14589,Ramón Vargas_ Sängerknaben Luzerner Kantorei_ Henk Geuke_ Concilium Musicum Wien & Paul Angerer,
AR1OBRC1187FB59AD4,Behemoth,POLAND
ARZZRK91187B9A5CA5,Delroy Wilson,"Kingston, Jamaica"
ARUF32D1187B9B157E,Soilwork,"Helsingborg, Sweden"
AR2KPDL1187B9A6BD8,Andre Popp,
AR3PN3R1187FB4CEBD,Horace Andy,"Kingston, Jamaica"
ARH6VQG1187B9BA0FA,Photo Atlas,"Denver, CO"
ARTYXQC1187B9ACAB2,Shaggy,"Kingston, Jamaica"
AR7N7MI1187FB46935,Sade,"Ibadan, Nigeria"
ARV1RMI1187FB48F94,Arkona,
ARVN9FZ1187FB393F1,Snow Patrol,"Dundee, Scotland"
AR9YWMS1187FB43A34,Dinosaur Jr,"Amherst, MA"
ARFJD5L1187B9A30BA,Los Van Van,Cuba
AR1KMPF1187B99AA98,Lara,
ARSYKGV1187B9A49CD,Nicole C. Mullen,
AR9788H1187B9A05D1,Outerspace,"Philadelphia, PA"
ARHXWB01187B9A205C,Gloria Lasso,
ARZ2CX31187B991668,Les Sexareenos,
ARFJXTS11F4C83E24E,Defect & Quixotic,
ARYLG3I119B8668696,Rockin' Dopsie_ Jr.,
AREB22L1187B9A4BCE,Bad Azz,
AR25LGJ1187B9B2492,Sir Douglas Quintet,"San Antonio, TX"
AROIHOI122988FEB8E,Mario Rosenstock,
ARXZIHJ1187B9A4ED9,Ray Conniff,"Attleboro, MA"
ARCBYJW1187FB51FD8,Major Lance,"Chicago, IL"
ARHTRR71187B98F305,Michelle Tumes,
ARQILMW1187B9890DA,Kitty Wells,"Nashville, TN"
ARHRY5S1187B99B96F,Static-X,Alabama
ARPUEAL1187FB57814,Gov't Mule,
ARYZV2X1187B997BE7,Chris Standring,California - LA
ARBXODO1241B9C6C6F,Ismael Dueñas,
ARZQPE11187FB40939,The Panic Channel,
AREB22L1187B9A4BCE,Bad Azz,
AR1F3IJ1187B9980B4,The Galactic Heroes,
ARF1E421187B9AF8C4,El Gran Silencio,
ARIYFYD1187FB3F0E5,Anané,
ARLAEJO1187B98DB85,FU-Schnickens,
AREKZKE11F50C4A7D8,Rocker-T,Wisconsin
ARKJVHY11E2835E76B,Sonny Terry & Brownie McGhee,Massachusetts
ARMH10M1187FB4184F,Firehouse,Wisconsin
ARK2G5U1187FB46B34,Perrey And Kingsley,
AR4IFI31187FB3A953,Cats In Boots,
AR6W9T51187B9A8B8E,Maurice Larcange,
ARQVLQJ1187B98F11F,Mau Mau,
ARGNQED1241B9C4237,Youves,
ARRT66G1187FB3DDF9,Freddie King,"Gilmer, TX"
ARANDRM1187B98B446,Wild Horses,
AR2J2WF1187FB46271,Francis Dunnery,"Egremont, Cumbria, England"
ARUDY181187B9B5F49,Charlie Walker,"Collins County, TX"
ARRBINW1187B98AE6D,Marcie Blane,"Brooklyn, NY"
ARSE5NP1187B9B98AB,Twista,"Chicago, IL"
AR0WGXC1187B9AAC99,Slum Village,Detroit MI
ARVUN5F1187FB4CCC7,Beenie Man Featuring Janet Jackson,"Kingston, Jamaica"
AR1DLF21187FB3CBF0,4Him,
ARLV8S31187B988B71,Georges Brassens,"S�, France"
ARZ78EG1187FB4638E,Malefaction,
ARW6LIW1187B9966CD,JERRY WALLACE,"Kansas City, MO"
ARG37DA1187B9A47FF,Morgion,
ARW1WST1187FB384DA,Jope Ruonansuu,
ARU2JAB1187FB50C72,David Meece,
AR6QQY41187B990574,Danny Wilson,"Dundee, Scotland"
ARYJ6RP1187B9B3827,Cindy Morgan,"Nashville, TN"
AROY6XW1187B991121,Steve Vai,"Carle Place, New York"
ARPINYO12454A2E4AB,Deathstar,Washington
AR1PRQ21187FB3B481,Generation X,
ARVYDAQ1187FB43338,Teijo Joutsela and Humppa-Veikot,
ARZFRQM1187B9A9772,Vanessa Daou,
ARQIAEA1187FB4F9F9,Laidback Luke & Diplo,
ARKEFM61187B9A8202,Moon Mullican,"Corrigan, Polk County, TX"
ARJ2PMY1187FB5B563,Burning Spear,NY - Long Island
ARJB9TE1187FB3A9F8,The Edgar Broughton Band,
ARW70HR1187B9A358C,Aleks Syntek,"Merida, Mexico"
ARDUOSV1187B9894D5,Wes King,
AR0OTEX1187FB3600D,Los Del Rio,
AR1WC0X1187B991056,Jefferson Starship,"San Francisco, CA"
ARNZ70R1187B9A4824,Joe Satriani,"Westbury, Long Island, NY"
ARHBWOZ1187FB3FD53,Utopia,ITALY
ARDF8K01187FB37200,Wolfmother,"Sydney, Australia"
ARNDB1X1187B990AA0,Suicidal Tendencies,"Venice, CA"
AR7V3VQ1187B9A08AA,At All Cost,"Austin, Texas"
AR2OPWW1187B9A5057,Schoolyard Heroes,"Seattle, WA"
ARH4N0N1187FB3E1F1,Malkit Singh,
ARIKE5O1187B997E73,Mississippi Mass Choir,
AR9DO2O1187FB53637,ColdWorld,"Germany (Erfurt, Thuringia)"
ARNLE621187B98ECB5,Mannheim Steamroller,"Omaha, NE"
AR37ILI1187B98E27B,Shriekback,"London, England"
AR15YLD1187FB3D4DD,John Tchicai,"Copenhagen, Denmark"
ARQQP3Z1187FB5707B,Bert Kaempfert,"Hamburg, Germany"
AR6Z6BW1187B9ACD69,The Ruby Suns,
ARNNM56119B86686EA,Luke Bryan,
ARO0R521187B98A2D1,2 Minutos,
ARHTRR71187B98F305,Michelle Tumes,
ARJ9DSA1187B990E00,John Mayall & The Bluesbreakers,
ARBFDJW1187B9AD27A,The Fabulous Thunderbirds,"Austin, TX"
ARCDLDD11F33E000A4,Varios,
ARJPUZC1187B99A8F6,Mike Brooks,"Westmoreland, Jamaica"
ARBFDJW1187B9AD27A,The Fabulous Thunderbirds,"Austin, TX"
AR0DSOO1187B9B855E,Wailing Souls,
AR1DR0E1187FB48F61,Kathy Mattea,"Cross Lane, WV"
ARA2ZTN1187B98E3ED,This Moment,"Cleveland, OH"
ARUZILO1257509E8E1,Greg Vaccariello,
ARDTECS1187FB538C0,Symphony in Peril,"AMSTERDAM, New York"
ARR575U1187B98FB97,The Perrys,Maryland
AROPZYT11F4C83EFFA,J.C. Lodge,
ARPDVPJ1187B9ADBE9,Usher,"Atlanta, GA"
AR56P361187B9AC4DB,Gary Moore,"Belfast, Northern Ireland"
ARUZD301187FB4AC65,Ronny Eriksson,
ARQXAGC12472CE2BBD,Spiral Stairs,
ARJ9DSA1187B990E00,John Mayall,
ARUVPCM1187FB5C281,Attack Attack,USA
ARYF20K1187B9B76BD,George Lopez,"ORANGE, California"
ARVEJ9M1187FB4DC44,Les Ogres De Barback,
ARHK7A51187FB411D8,Roy Rogers,"Redding, CA"
AR9UPVA1187FB51260,Brent Lamb,
ARLI9NJ1187B9911FB,Vodka Collins,"Tokyo, Japan"
ARHKOPH11F919A768B,Coffinberry,Ohio
ARUW6HS1187FB3F028,Rokia Traoré,
ARRR4Y81187FB524CE,Lonnie Brooks,"Dubuisson, LA"
ARKQN8X1187B99221C,Joe Rogan,"Newark, NJ"
ARDBFT21187B98E524,Janitor Joe,
ARUUXNF1187B98FB36,Charlie Peacock,
ARMQHX71187B9890D3,Mastodon,"Atlanta, GA"
ARLFUII1187FB565E5,I Wayne,
ARTJ9GZ1187B9B46DE,Young-Holt Unlimited,"Chicago, IL"
AR1NRA91187FB404C3,Jazzy B,
ARDUBUY12086C1464B,Brenda Boykin,
ARPK1CM1187B9B6B9C,Roger Reynolds,
ARE8GLF1187FB52532,Red Hot Chili Peppers,
AR0JEOI1187B98B918,Erik Berglund,Texas
AR7KA5V1187FB44E6B,The Del McCoury Band,
ARLYPKH1241B9C7185,Ketty DB,
ARKFYS91187B98E58F,Jeff And Sheri Easter,
ARVWNTI1269FB34C59,SOJA,
ARZVTZN1187FB579D4,Jim Reeves,"Galloway, Panola County, TX"
ARO6WZY1187FB3A86E,Sonic Subjunkies,
ARC0MTS1187FB44C21,Toots Thielemans,"Brussels, Belgium"
ARSZIBW1187B994053,James Newton Howard,
ARRESZG1187B9A3FBF,Les Hou-Lops,
ARY1VGA1187FB5A39E,Tom Cochrane,"Lynn Lake, Manitoba, Canada"
ARNV7U61187FB54DCB,Faith Yang,
AR050VJ1187B9B13A7,Dead Kennedys,
ARTPGR61187B98B0F6,Thriller U,
AR7TTS41187B9B42D3,R.L. Burnside,"Oxford, MS"
ARLZLMN1187B9AD1CB,The Cars,"Boston, MA"
AR77B521187FB4CC70,Lennie Tristano,US
ARNBV1X1187B996249,Alex,
ARDNS031187B9924F0,Tim Wilson,Georgia
AR1Q25M1187B9B0D73,De La Soul / MF Doom,"Amityville, NY"
AR2O84Q1187FB5BF74,Salt The Wound,
ARW1DRV1187FB40261,Rocio Jurado,
ARNLO5S1187B9B80CC,Van Halen,"Pasadena, CA"
ARWD3OC1187FB3A666,Cut Copy,"Melbourne, Australia"
ARDXGVT124207832C0,Twinkle Twinkle Little Rock Star,
AR7358P1187B9B6880,Lexi,Nebraska
ARNNHLN1187FB42912,Yahir,"Hermosillo Sonora, Mexico"
ARV21JS1187B99E516,Jerry Lewis,"Newark, NJ"
AR8J63I119B8668504,Red I Flight,
AROCBZZ11E2835D652,Small Faces,
ARH9GD41187FB37E0F,Stephen Marley / Damian Marley,
ARQ30G91187B9B8C12,Steinski,
ARYF20K1187B9B76BD,George Lopez,"ORANGE, California"
AR1JGQT1187FB56878,Jo-El Sonnier,"Rayne, LA"
ARCCRTI11F4C845308,White Heart,
ARWBAI21187B991E2E,Tommy Sands,UK - Northern Ireland
AR4QYVC1187B99985B,DJ Harry,
ARPTC8L119B340323E,Chuck Wicks,
AR65K7A1187FB4DAA4,Beyoncé,
ARGXJRQ1241B9C5FDE,Charlie Khan,
ARC5Q0L1187B98D463,Enter the Haggis,
ARZBYDY1187FB46DD7,Cali,Vernet les Bains
ARUEYGC1187FB3D94B,The Chi-Lites,"Chicago, IL"
ARBD4QW1187FB42153,Scar Symmetry,Sweden
AROUOZZ1187B9ABE51,Willie Bobo,"New York, NY [Spanish Harlem]"
ARY4M3J1187B9AC94C,John Sebastian,Leeds
AR02IU11187FB513F2,Tito Puente,"New York, NY"
ARLUF1T1187FB3603B,Ricardo Arjona,
ARUTEVU1187B9ACAF9,Lifehouse,"NORTH FORT MYERS, Florida"
ARIH5GU1187FB4C958,Silverchair,Newcastle
ARB5S4L1187FB4AD20,Carlos Ponce,
AR4GAFY1187B9B639D,B.B. King,"Memphis, Tennessee"
AR7MNIX1187B9A2A68,Tyrone Wells,California - LA
ARD7U0O1187FB5531A,Andre Verchuren,Neuilly-sous-Clermont (Oise)
ARBD4QW1187FB42153,Scar Symmetry,Sweden
AR35YUO1187B9AD83E,Wet Wet Wet,"Glasgow, Scotland"
ARXPPEY1187FB51DF4,Michael Jackson,
ARW4ZCO1187B9B22D3,AFS,Great Britain / UK
ARE17W51187FB5381B,Smart Alex,London
AR4C7UZ1187B9AB278,She Satellites,
AR3MSAN1187B98F06B,OutKast,"Atlanta, GA"
ARNEL2O1187FB4421A,Bukka White,"Houston, MS"
ARZVTZN1187FB579D4,Jim Reeves,"Galloway, Panola County, TX"
ARYLQVR11F50C4EFC2,Saman,
ARZVEF91187B9AC770,Elliot Goldenthal,"New York, NY"
ARSNTX51187B989CA2,Tsar,
ARZAHDN1187B9B4BED,Ice,Tennessee
AR3793X1187FB50CB3,Rea_ Chris,"Middlesbrough, England"
ARQXAGC12472CE2BBD,Spiral Stairs,
ARD7TVE1187B99BFB1,Casual,California - LA
AR4TLW81187B99683D,Martin Sexton,"Syracuse, NY"
ARUGX5X1187FB468C4,Dino,"Encino, CA"
ARZLCTV1241B9C4D46,Claire Elzière,
ARIMJFK1187FB4ED3E,Luke Vibert,
ARD6L7O1187B995ADA,Dave Valentin,"Chelmsford, England"
ARP5MSK1187B99A54C,Jimmy Burns,"Dublin, MS"
AR1DGSO1187FB59B15,Eddie Turner,
AR7GOK91187FB455F5,Jean-Jacques Goldman,"Paris, France"
ARUBDNK11F50C4F28B,Vrse Murphy,
ARLMRES11F4C83E1E1,Barbara Lusch,Oregon
AR4W2E01187FB416AC,Saga,"Toronto, Ontario, Canada"
ARXPDRB1187B9AD0B1,Patti Smith,"Chicago, IL"
AR8EDG51187FB41A08,Gary Hobbs,
ARCCK7B1187B994F9D,Paul Glazby,
AR8LD3R1187FB4D08F,C.C. Adcock,Louisiana
AREEUJE1241B9C773F,Art Blakey's Jazz Messengers,
ARCCRTI11F4C845308,White Heart,
AR76YOD1187FB46B24,Joshua Rifkin,"New York, NY"
AROJAG11187B9B71A3,The Chap,London
ARN4MQP1187FB40F7D,Richard Lloyd,
ARZTSYB1187FB54987,Rainbow,
ARVML4B1187FB52324,Leroy Hutson,"Newark, NJ"
ARH5AAF1187B991D23,June Hutton,
AR6L0X71187FB49709,Paul Cantelon,
AR0WM6W1187FB46730,Marc Et Claude,
AREMPZY1187B9B8FF3,David Banner,Jackson MS
AR7G5I41187FB4CE6C,Adam Ant,"London, England"
ARR7YYN1187FB5C015,Pee Wee Crayton,"Rockdale, TX"
AR3Q48J1187FB55278,The Rapture,
ARDL03L1187B997FBE,Fläskkvartetten / Thåström,
ARZAHDN1187B9B4BED,Ice,Tennessee
AROGWRA122988FEE45,Christos Dantis,
ARY7ERS1187B9903AE,Mark Ashley,
AROBQ0B1187FB404F6,Walter Jackson; Arranged & conducted by Riley Hampton,"Pensacola, FL"
AR7KA5V1187FB44E6B,The Del McCoury Band,
ARAUFKZ1242077FBD1,J Bostron & Beretta,
ARWBZWU1187B98F7FB,Jimmy Herring,
ARZEBW31187FB586EA,Anne Dudley,
ARWBN9B1187B988B95,Eberhard Weber,"Stuttgart, Germany"
ARCF06I1187B995398,K-OS,
AR40GSU1187FB3AA01,Neil Diamond,"Brooklyn, NY"
AR5ZY7R1187B996302,The Continentals,Washington DC
AR966X21187B9AC463,Paul Simon,"Newark, NJ"
ARIHWZG11F50C50E1C,Vivian Khor,California - LA
ARKVMRR122CC3B110A,The Booth Brothers,North Carolina
ARWIMT21187B9B5AEC,Joe Turner_ Joe Houston_ L. C. Williams,Mississippi
ARB1CNO1187FB4CE93,45 Grave,
AR2SMD91187B9B0582,Mighty Mighty Bosstones,"Boston, MA"
ARGMGHN1187B9B4213,Gym Class Heroes,"Geneva, NY"
ARXPPEY1187FB51DF4,Michael Jackson,
ARDXGVT124207832C0,Twinkle Twinkle Little Rock Star,
ARGHV4C1187B995847,The Mustangs,Connecticut
AR0V36F1187FB366B1,The Chieftains;Colin James,Ireland
AR8IEZO1187B99055E,Marc Shaiman,
ARIXGOC1187FB54F4B,John Wayne,
ARZ39UI1187B989289,Izzy Stradlin And The Ju Ju Hounds,
ARPRQSD12086C16679,The Incurables,Missouri
AR681HS1187FB5BBFE,David Lynch,California
ARSPUHE1187B99DB8A,Frank Marino & Mahogany Rush,
ARY0W1O1187FB5B8C0,H-Town,Houston
ARQQP3Z1187FB5707B,Bert Kaempfert,"Hamburg, Germany"
ARA7LD41187FB4DC0C,Don Campbell,
ARW1BRR1187B996332,Voyager Series,
ARH0ZIQ1187B99EC94,Cotton Candy,California - SF
ARDPFGP1187B98A58A,Concretes,"Stockholm, Sweden"
ARTDQRC1187FB4EFD4,Black Eyed Peas / Terry Dexter,"Los Angeles, CA"
ARK6JC91187B9B4B2D,Babbie Mason,United States
ARJTX7M1187FB4CED3,Be Bop Deluxe,England
ARJJKAA1187B9ADAF1,Rolfe Kent,
ARVUN5F1187FB4CCC7,Beenie Man,"Kingston, Jamaica"
ARD0S291187B9B7BF5,Rated R,Ohio
ARUUP4L1187B9B72EB,Diamanda Galas,"San Diego, CA"
ARW2DG51187B9A170F,Ana Popovic,"Belgrade, Yugoslavia"
ARIFOQ6119B866970E,The Fontane Sisters,
ARQDYV0119B866800F,Gertrudis,
ARWA6NT1187FB3F15C,The Cure,"Crawley, England"
ARQKXX41187FB4EB0E,Baby D,
ARZXTEY1187B9997A7,Juelz Santana / Bezel,"New York, NY [Harlem]"
AR1XVTM1187B996D57,I Nuovi Angeli,Oregon
AR107SB1187B9A79F9,Bézu,"Bézu, comme Superdupont, ne connait qu&#039;un pays : la France !"
ARPBNLO1187FB3D52F,Tiny Tim,"New York, NY"
ARHUEFT1187B989694,Lunasicc,
ARMT23H1187B995083,Emilio,"SAN ANTONIO, Texas"
ARHTV1S1187FB547F8,Marc Perrone,
AR2CM6U1187B999EB7,Basic Channel,"Berlin, Germany"
ARQGNEN1187FB4494C,Gabinete Caligari,
ARIGY9P1187B9B6428,Ancient Astronauts,GERMANY
ARTO9UO1187B9B2D47,Mystery,North Carolina
ARYDFJA1241B9CBFF2,Jacques Douai,
AR65OLD1187FB5C103,P.O.D.,
AR1X2H01187B98CCF2,Maurice Chevalier,"Menilmontant, France"
ARI6CSW1187B9AF09A,Eko Fresh,"M�engladbach, Germany"
ARCNOK81187B98CA3F,Buju Banton,"Kingston, Jamaica"
ARDC3571187B9988E1,Nu Flavor,"Long Beach, CA"
ARYDFJA1241B9CBFF2,Jacques Douai,
ARZJ4MI1187B9AF5AF,Reel Big Fish,"Orange County, CA"
ARAUQAL1187FB5B374,ISRAEL & NEW BREED,
ARYBUAO1187FB3F4EB,Gene Chandler,"Chicago, IL"
AR65K7A1187FB4DAA4,Beyoncé,
ARBXBQR1187FB56FA5,Bill Douglas,
AR2FJV21187B98EBE3,Legacy Five,Tennessee
ARCLJQZ11E2835CE37,Alvin Youngblood Hart,"Oakland, CA"
ARJSGPI1241B9C8855,Birmingham Jubilee Singers,
ARFEU2G1187FB54B2F,Tel Basta,
ARB4ZRM1187B993147,Dark Fortress,
AR1DGSO1187FB59B15,Eddie Turner,
ARO3XZQ1187FB39351,Cobra Killer,
ARDIKTV11F43A69FA4,Deodato,
AR7I3G21187B98B4A2,Nicholas,
ARTDBI61187FB48479,Marvin Sapp,"Grand Rapids, MI"
ARWXJTT1187FB509FD,Epidemic,York
ARM9QAE1187B9AF687,Shaman,Brazil
ARKFYS91187B98E58F,Jeff & Sheri Easter,
ARQGYP71187FB44566,Jimmy Wakely,"Mineola, AR"
AR2PT4M1187FB55B1A,Los Chichos,
ARNLO5S1187B9B80CC,Van Halen,"Pasadena, CA"
ARHPPJK1187B9AC897,Teenage Fanclub,"Glasgow, Scotland"
AR3KGPQ1187FB53C84,L7,"Los Angeles, CA"
ARWQ2DR1187B98FF28,Ma Rainey,"Columbus, GA"
ART97VL1187FB3BD45,F-4,
AR4OHL91187B9B2EB9,Angela Dimitriou,
ARD2HR71187B99548F,Jimmy Hughes,"Florence, AL"
AR4JY8V1187B98A62F,Ann Hampton Callaway,
ART3O5Z1187B9AB043,Stevie Ray Vaughan And Double Trouble,"Dallas, TX"
ARLYUP11187B98B92B,Corey / Shaquille O'Neal,"Atlanta, GA"
AR0WAW61187B98B7D7,Doug MacLeod,"New York, NY"
ARY6EBA1187B9AD525,Bill Perry,"Chester, NY"
ARHDQMJ11F50C4F61E,Emotion Code,
ARKL4LE1187B98FDBC,Billy Price_ Fred Chapellier,Pennsylvania
ARPKATM1187B9B76E6,Hatebreed (int License),"New Haven, CT"
AR5ZJLK1187B9B3A8E,John D. Loudermilk,"Durham, NC"
AR3O0021187B999BC8,Radio Moscow,"Ames, IA"
ARUTP601187FB388AC,The Elders,
AREW0021187B9AF8F9,Giuseppi Logan,NY - New York City
AR6J3X81187FB59A7B,Margaret Becker,"Brooklyn, NY"
AR8BMEQ1187B9B4214,Pumpkin Buzzard,Missouri
ARIKFQP1187B99A246,Stille Volk,
ARZS5VW1187FB567E8,William Orbit,
ARMIQRB12298900AFB,Conjunto Mar Azul,Mexico
ARW1DZQ1187B9A18E0,Vusi Mahlasela,
ARSYHZ21187B99F5F5,Tina Ann,
ARK7ZPW1187B99C170,Orchestra e Coro del Palacio de Bellas Artes Di Cittá del Messico_ Oliviero De Fabritiis_ Maria Call,"New York, NY"
ARGNGRI11E2835D567,Tam Tam Go!,
AR4W5GR1187FB51F7E,Alacranes Musical,
ARKON4P1187B98B291,Ron Goodwin,"Plymouth, Devon, England"
AR1ZKBE1187FB53629,Kraftwerk,"D�orf, Germany"
AR11NP91187B9901B4,The Roches,New York City
ARNNQ9E1187FB3C82F,Sizzla,
AR1RMYB1187FB5A59E,Incubus,California
ARSVRVA1187B99228A,The Nelons,
ARGBGC71187FB3DD0B,DJ Nasty,
ARHTHC01187B9B6D2A,Michael McDonald,"St. Louis, MO"
ARXPPEY1187FB51DF4,Michael Jackson,
ARIR1PS1187B9AFFFA,Omni,"Los Angeles, CA"
ARLTWXK1187FB5A3F8,King Curtis with Jack Dupree,"Fort Worth, TX"
ARUKJUP12086C14589,Ramón Vargas;Vesselina Kasarova;Vladimir Jurowski,
AR32JLC1187B9946AF,X-Raided,
ARVAE6W1187FB3CAF3,The Refreshments,
ARALUUG1187FB58696,Irma Thomas,"Ponchatoula, LA"
AROQWIB11F4C83E5DC,Mario Piu',
ARKZXSQ1187B9AC9F3,Joy Division,
ARGDLJR1187B98D048,Bob Crosby,
ARK0VFZ1187FB4309B,Shirley Caesar,"DURHAM, North Carolina"
ARGE4J31187B9B41EE,Sofia Karlsson,Sweden
ARYML1P1187B9AF39B,Devo,Georgia
ARR575U1187B98FB97,The Perrys,Maryland
ARY97R61187B9AF262,Ruffneck,
AR6RG8J1187B9A815C,The Frantic,London
ARW63KF1187B98AC48,Julien Clerc,FR
ARWSMC91187B9AD369,Helen Love,"Cardiff, Wales"
ARRBF3M1187FB4D59F,30 Seconds To Mars,"Los Angeles, CA"
ARCDSI81187B989BAA,Moonface,
ARKEFM61187B9A8202,Moon Mullican,"Corrigan, Polk County, TX"
ARDPCCQ12802FDD564,Yuko Kanzaki,
AR720OJ1187FB37F6C,Los Morros Del Norte,"Culiacan Sinaloa, Mexico"
ARZXMYV1187FB5B99B,Los Ninos De Sara,
ARUKN9H1187B9B71C8,The Black Crowes,"Atlanta, GA"
ARCK6OL1187B99B25F,Alas,Florida
ARCYE581187B9A1482,Timo Maas,
ARBKEA91187B98CE1F,Claw Hammer,
ARRHZLW11E2835E799,Sofi Marinova,
AR6EVQA1187B9AA1DF,Cocoa Tea,"Kingston, Jamaica"
ARVMFE61187B992463,Darwin Hobbs,
ARFLZK31187B9B0E15,Kashief Lindo,
ARHPBZT1269FCD0B57,IYOV,
ARAN38V1187FB4C4EE,The Almost,"Salt Lake City, UT"
ARORDXJ122ECCBB264,Carlos Jimenez,NY - New York City
AR8WHEJ1187B98CDCA,Dee Clark,"Blythesville, AR"
ARZVEF91187B9AC770,Elliot Goldenthal,"New York, NY"
AROVE3N1187FB44DAD,Charlie Cruz,
AR9YV621187B99373E,Marco Beltrami,
ARI4RPW1187B9B862D,Hermeto Pascoal,"Lagoa da Canoa, Alagoas"
ARYDFJA1241B9CBFF2,Jacques Douai,
ARD0FN11187B9B25CD,Bobby Darin,"New York, NY [The Bronx]"
ARC0NOU1187B9AA91D,Nick Colionne,
AREBWEH1187B99EA9A,Beherit,Helsinki
AR5O6W51187FB46984,SNAP!,Germany
ARPPTNG11F50C482A3,Mercedes Castro,
AR9788H1187B9A05D1,Jedi Mind Tricks,"Philadelphia, PA"
ARBHPBX1187FB47102,The Steeles,Minnesota
ARE2QID1187B98FA19,Sleepy John Estes,"Ripley, TN"
ARKU3Z61187FB51DCA,Rihanna,"St Michael, Barbados"
ARGBGC71187FB3DD0B,DJ Nasty,
ARVNDLR1187B99CA1B,Dolce; Orange Factory,Oklahoma
ARV38Z81187B98E608,The Jets,
AR1PCLK1187FB5BBFF,Angelo Badalamenti,New Jersey
ARKO7AO1187FB5664B,Tin Hat Trio,
ARBB58Y1187B9B621B,Bill & Gloria Gaither,
ARYI8NC1187B994FE9,Venice,New Hampshire USA
AR0WCZW1187B99F592,Tommy Torres,
ARRH63Y1187FB47783,Kanye West,"Atlanta, GA"
ARWQGYW11F4C846BF2,Yodi's,
ARVGPOM1187FB55737,Billy Butler,"Philadelphia, PA"
AREOREU1187B99AACD,Rhian Sheehan,Wellington
AROIHOI122988FEB8E,Mario Rosenstock,
ARPDVPJ1187B9ADBE9,Usher,"Atlanta, GA"
ARNCOPS1187FB5A086,Dolores Keane,
ARVF2AD1187FB47580,Rev. Timothy Wright,
AR6BUYW1187B98E221,Earl Hooker,"Clarksdale, MS"
ARKJKVO1187FB49D0A,Michèle Bernard,
AREE69X1187FB438D6,Cannon's Jug Stompers,
ARY4N501187B9A5DE9,The Ghost Of Lemora,London
AR2RVGR1187B9B3219,Robin Frederick,Los Angeles
ARAMIDF1187FB3D8D4,Alejandro Lerner,
AR78ZID1187B9B31ED,Mikey Dread,Jamaica
ARAZCWP129462A97F1,Bob Marley,
ARRH63Y1187FB47783,Kanye West / Adam Levine,"Atlanta, GA"
ARRWQW61187FB5B301,Lou Ann Barton,"Austin, TX"
ARGQANQ11F50C4769E,Y&T,San Francisco Bay Area
AR72THZ1187B9974EF,Andy Russell,
ARF2EHS1187B994F4E,Kings Of Leon,"Nashville, Tennessee"
ARIP54S1187FB53259,Jaime Urrutia,
AR7AA2D1187B98B415,Shade Sheist / DJ Vice / DJ Echo / Damizza,"Los Angeles, CA"
ARVKAWO11F50C47C9A,Pentangle,
AR4WHYC1187B9896E7,A Tribe Called Quest,"Queens, NY"
ARU2JAB1187FB50C72,David Meece,
AR6892W1187B9AC71B,Placebo,"London, England"
ARODP5P1187FB40142,Eddie Cano,
ARLF0QY1187FB4FDCC,Heavenly,"Oxford, England"
ARD3ICK1187B9A56C9,Jimmy Riley,
ARECPYG11C8A42B5BF,1. Futurologischer Congress,
AROCBZZ11E2835D652,Small Faces,
AREVNGE11F50C49B9A,Tom Collier,
AR3JMC51187B9AE49D,Backstreet Boys,"Orlando, FL"
AR7JAMC1187B98BCF3,The Gentle Good,
ARRZFUG1187B98AD42,Ray Pillow,"Lynchburg, VA"
AR4FVK41187FB4BC83,Frankie J,"Tijuana, Mexico/San Diego, California"
ARNXNH81187FB52EB5,Baby Bash,"Houston, TX"
AR7JAMC1187B98BCF3,The Gentle Good,
ARKSZW81187B9B695D,Mariah Carey,"Hunington, Long Island, NY"
ARNZ70R1187B9A4824,Joe Satriani,"Westbury, Long Island, NY"
ARYXGST1187B991071,Uman,Belgium
AR039B11187B9B30D0,John Williams,"NEW YORK, New York"
ARI648V1187B9B5379,Michael Stanley Band,
ARB78VW1187B98F81C,George Nooks,
AR1SFKQ1187B98AF13,Lauren Wood,California - LA
ARKJHKX1187FB5AEE5,Buckwheat Zydeco,"Lafayette, LA"
ARQ0BZY1187B99F093,Everyday Sunday,"Columbus, OH"
ARYQ8281187FB58C34,Royal S,"Winterthur, Switzerland"
ARVJ0JK1187B98C9C0,The Brooklyn Tabernacle Choir,
ARZMFXN11F50C476D0,Salieri,
ARW1DRV1187FB40261,Rocio Jurado,
ARG3UX61187B9AC05A,D.O.W.N.,
AR9E43L1187FB566FA,Steve Chou,
ARI945I1187FB4CC22,The King Sisters & Alvino Rey,
AR2BBHS1187FB4AE06,Jeff Beck Group,
ARB9WJ11187B98BF17,Steve Smith,"Brockton, MA"
AR32JLC1187B9946AF,X-Raided,
AR6UVLC1187B9B4D4C,Suzi Quatro,"Detroit, MI"
ARX99U51187B991481,Mista,
ARNNC731187FB55D14,Kary Ng,
ARI3W3K1187FB49E6F,Cedric Gervais Featuring Caroline,
AR7SVRP1187FB55875,Billy May & His Orchestra,
ARIRD6J1187FB5A98C,Sugar Minott,"Kingston, Jamaica"
ARXK4ZA1187B99753A,Malina,"Viareggio, Italy"
AR3OYPP1187B9952E3,Humanzi,"Dublin, Ireland"
ARTTIRC12086C121DC,Gene Latter,
ARSDSMG1187B98CB59,Eddie Cantor,"New York, NY"
AR1VCLT1187FB4C8AC,Tum Tum [DJ Drop Mix],
ARS8KBY1187FB4BC7E,Kurupt_ Rosco_ Jayo Felony & 40 Glocc,"Philadelphia, PA"
AR126G61187B9B88A6,Candy Lo,
ARDK87R1187B98D51C,Flamin' Groovies,"San Francisco, CA"
AR695PK1187B996E35,The Jeremy Spencer Band,"West Hartlepool, England"
ARPB4TX1187B98DDEA,Marga Gomez,
ARXKXC71187B99AA0E,Roberto Roena,
ARLR9U31187B9A71AD,The Stooges,"Ann Arbor, MI"
ARF2EHS1187B994F4E,Kings Of Leon,"Nashville, Tennessee"
AR3U3G01187FB58BA7,Christie Hennessy,
AR4F94Q1187FB43432,DÉSOLÉ,
ARHTHC01187B9B6D2A,Michael McDonald,"St. Louis, MO"
AR202MX1187B9B0383,Tanto Metro & Devonte,
AR03BDP1187FB5B324,Bob Sinclar,"Kentwood, LA; Los Angeles, CA"
ARIIEQL1187FB5CE68,Buddy Miles,"Omaha, NE"
ARQVLQJ1187B98F11F,Mau Mau,
AR5IHI31187B998618,Pascal Obispo,
ARK9TRQ1187B99C095,Nine Inch Nails,"Cleveland, OH"
ARA0YAE1187B9B1D16,John Brown,North Carolina
ARCF06I1187B995398,K-OS,
ARWONOR1187FB3817C,Geddy Lee,"Willowdale, Ontario, Canada"
ARNDB1X1187B990AA0,Suicidal Tendencies,"Venice, CA"
ARRQWQW1187FB49844,King Tee,"Los Angeles, CA"
ARG719Z1187FB551FC,Alain Morisod,
AR6RXJD1187B9B8B23,Grace Gale,"Denver, CO"
ARTH9041187FB43E1F,Eminem,"St. Joseph, MO"
ARGC7FQ1187FB409CC,Stew,New York
ARS2KW51187B9B556E,X,
AR05NQH1187B98E875,Kassav',
ARDBJ5T1187FB4D5BA,Cauda Pavonis,
ARPNDSH1187B9B942F,Sui Generis,
ARSE5NP1187B9B98AB,Twista,"Chicago, IL"
ARFZNR41187B990AF7,Sunnyland Slim,"Vance, MS"
AR18VAV1187B9AEC0C,Neon Blonde,
ARWJEOP1187B996538,Soul Ballet,
ARHY20W1187B9B8262,Steve Erquiaga,
ARM0RY81187B9AF248,Jerry Goldsmith,"Los Angeles, CA"
ARMBTFC1187FB56343,Korn,"Bakersfield, CA"
ARE2XN81187B98BB83,Alexis HK,
ARORFTD1187B99F7D4,Epitaph,"台北, Taiwan"
ARYG6CU1187FB3852B,Milk Inc.,
AR8WHID1187FB549B1,Mystic Rhythms Band,
ARW644S1187B9B4924,Sigmatropic,
AR4BDNG1187FB44870,Robert Palmer,"Batley, England"
ARDQO721187FB3C6D9,Rodney O_ Joe Cooley,
ARHDQMJ11F50C4F61E,Emotion Code,
AR6J3X81187FB59A7B,Matisyahu,"Brooklyn, NY"
ARKYI5T1187B99334F,Janet Paschal,North Carolina
ARBKMHZ11F4C843491,Dakis,
AR7OCK81187B98D1F1,Debbie Davies,"Los Angeles, CA"
ARLNSD41187FB4D9A0,Sergio Franchi,Italy
ARNHTNJ11ECC836DAF,Smash Palace,New Jersey
AR4R0741187FB39AF2,Bow Wow Wow,"London, England"
ARQFKVO1187B9B1777,Dave Brockie Experience,
ARPYBWQ1187B989C0D,Natural Elements,
ARE08BN1187B98FCA3,Der Plan,
ARB8H82119B34032E1,Ashton Shepherd,
AR0JPOG1187FB37383,Lyrics Born,Japan
AR5GLIU1187FB4638A,Memphis Jug Band,"Memphis, TN"
ARDQ9AP1187B9BA3F6,Killswitch Engage,"Boston, MA"
ARIK8T31187B9A4D4F,Louis Prima & Keely Smith,
ARMWZF41187FB387F9,Charley Pride,"Sledge, MS"
ARXFY0N11C8A423D05,Juan Farcik,
AR2PNSZ1187B9AF0A4,Pardesi,
ARJ0FG21187B99F7C4,Crazy Girl,
ARVEJ9M1187FB4DC44,Les Ogres De Barback,
AR4GP451187FB3F2BB,Andy Griffith,
ARKA2YS1187B9A4060,Michèle Arnaud,
ARRS5961187B99F9DE,Nicho Hinojosa,
ARP06GY1187B98B0F0,Yami Bolo,Detroit USA
AR49A9P1187FB3BBBF,Saigon Kick,"Coral Springs, Florida"
AR6C8EJ1187FB3F473,Nelson Ned," Ubá, Minas Gerais"
ARMPRI31187FB4F7D9,Vangelis,"Volos, Greece"
ARUT16P1187FB532A4,Tyrone Davis,"Greenville, MS"
ARDD5NR1187B9B61F9,Maria Bamford,Los Angeles CA
ARRBINW1187B98AE6D,Marcie Blane,"Brooklyn, NY"
ARZQSNO1187FB5BBAB,Elizabeth Cotten,"Chapel Hill, NC"
ARNUFGE1187B9B7881,THE CHIFFONS,"New York, NY [The Bronx]"
AR4MCB01187B98BF5C,Atman,
ARALEAC1187B9902A8,Rubyhorse,"Cork City, Ireland"
ARNARI81187FB3C9A7,Flora Purim,"Rio de Janeiro, Brazil"
ARZU9NI1187B9AEE08,Babylon Disco,Karlstad
AR0B6VD1187B99C293,Uphill Battle,"Ventura County, CA"
ARRVUWA1187B9A0FE2,Orquesta Aragón,Cuba
ARGUACZ1187FB3F35C,Connie Smith,"Elkhart, IN"
AR051KA1187B98B2FF,Wilks featuring pee wee ellis,
AR2G8UI1187FB3F33C,Barbara Fairchild,"Knobel, AK"
ARN8YG41187B99A480,Moments In Grace,
ARODBRG1187FB3FD99,Nick Cave & The Bad Seeds,"Wangaratta, Victoria, Australia"
ARXFAOQ1187B9A3616,Dave And Ansel Collins,Jamaica
ARAIABB1187B9AC6E2,Seal,"Paddington, London, England"
ART8BW81187B9AC33F,Planetakis,
ARZ3JUB1187B99A5AC,Halfway to Gone,
AROW4VK1187B999DED,Byzantine,
ART62WC1187FB47E80,Jim Jones / Max B,New Mexico
AR107SB1187B9A79F9,Bézu,"Bézu, comme Superdupont, ne connait qu&#039;un pays : la France !"
ARE8GLF1187FB52532,Red Hot Chili Peppers,
AR198711187B9AD09F,Simply Red,İngiltere
ARN03F71187FB4E3F4,Ayo,United States
ARU2JAB1187FB50C72,David Meece,
ARNAIMI1187FB5733C,Rick Ross,Miami
ARFWZZD1187FB561F9,The Fureys,
AR7BMMV1187FB5B2D7,Robben Ford,"Ukiah, CA"
AR7DFJP1187B992F13,Juana Molina,
ARDG6IY1187B9AAE87,Mothers Pride,Lucerne
AR681HS1187FB5BBFE,David Lynch,California
ARPBKZF1187B996BD7,Tommy McLain,
ARFW0QN11C8A4216B7,Dark Party,
ART4QZC1187FB51612,Janet Jackson,Los Angeles &amp; New York
ARLZYDV11C8A4226B0,Albin Myers,
ARMRQF21187FB54D89,Kanda Bongo Man,"Inongo, Zaire"
ARPNY981187B9ACB75,Eluveitie,Switzerland
ARP7AOI1187FB518B4,Múm,
AR5K75Y1187B9B5F7E,Janice Vidal,
ARKRRTF1187B9984DA,Sonora Santanera,
ARHFEBO11F50C4825A,Flor Silvestre,
ARUWB5W1187B98D7A1,Ensiferum,"Helsinki, Finland"
ARLJIGA122C849866D,Hot Live Guys,CANADA - other
ARPNY981187B9ACB75,Eluveitie,Switzerland
ARNBV1X1187B996249,Alex,
AR0XSOO1187B9B9E88,Buzzcocks,London / Ex-Manchester
ARTDBI61187FB48479,Marvin Sapp,"Grand Rapids, MI"
ARAZCWP129462A97F1,Bob Marley,
AR658OS1187FB5C451,Rachael Lampa,
ARJDUON1187B989F69,David Zinman;Pittsburgh Symphony Orchestra,
ARO0QD41187FB3AB0A,Keb'Mo',"Los Angeles, CA"
AR2O3B51187B98CD94,Cece Winans,"Charlotte, NC"
ARXPE571187FB4AFD0,Rickie Lee Jones,"Chicago, IL"
ARGE4J31187B9B41EE,Sofia Karlsson,Sweden
ARHD3RX1187FB3A7DA,Steel Pulse,"Birmingham, England"
ARQC4R31187B9A0D88,Jo Privat,
AR3JMC51187B9AE49D,Backstreet Boys,"Orlando, FL"
ARXOUML1187FB48ACB,Patrick Lamb,Portland
ARDKSWK1187B99092B,Stan,UK - England - North East
ARUYVDC12086C11D5C,Fever Ray,Stockholm
ARANIJI11F4C83EFD2,Toots & The Maytals,
AR0CDSK1187FB52ED6,Asleep At The Wheel,"Paw Paw, WV"
ARHFEBO11F50C4825A,Flor Silvestre,
AR2UQQ51187B9AC816,Gipsy Kings,"Arles, France"
ARDDWUI1187FB379F7,Amoral,"Helsinki, Finland"
AROLDZG1187FB50AFB,Melvins,"Aberdeen, WA"
ARHONG11187FB3B120,L.A. Guns,katy
ARB5S4L1187FB4AD20,Carlos Ponce,
AR323JD1187FB483D0,Solomon,New York
ARH0Z131187B9B69E9,Kool Moe Dee,"Harlem, New York, NY"
ARTML781187B9AF080,Neeme Jarvi,
ARKKYQD11F4C83D170,NAZCA PERU,
ARL3VGT1187FB40E8E,Los Fabulosos Cadillacs,Buenos Aires.
AR5LE4K1187FB4C3BE,John Hiatt,"Indianapolis, IN"
ARMTXSP1187B990581,Sheila Walsh,
ARHWRBR119B8669309,Hatesex,
ARMSL551187FB3F4B0,K's Choice,
ARCT5P61187FB3D950,The Impressions,United States
AR83XLX1187B991E33,Chris Rodriguez,
ARN2C4X1187B9B363C,Jack Off Jill,"Ft. Lauderdale, FLORIDA"
ARO6WZY1187FB3A86E,Sonic Subjunkies,
AR8FMEN1187FB4A657,Lizzy Borden,"Los Angeles, CA"
AR1DGSO1187FB59B15,Eddie Turner,
ARBSAVH1241B9CA637,Antonio Koudele,
AR3JMC51187B9AE49D,Backstreet Boys,"Orlando, FL"
ARCZ42S1187B98C0D7,DJ Slugo,
ARFRKCM1187B99A041,Jamie Richards,Shawnee OK
ARH1LE01187B98D68D,John Debney,
AR2B8ON1187FB58456,Marcelo Radulovich,
ARP7DLV1187FB4EF07,Pretty Boy Floyd,California - LA
ARZXYRK1187B99E432,John Stevens,Madrid
ARSPQ0H1187B999944,Eric Burdon,"Walker-on-Tyne, England"
ARBAUDK1187FB3BD7F,Sugarman Three,
AR4WS1U1187FB5B02E,Bobby Russell,"Nashville, TN"
ARSK4D11187B9BA046,Lisa Lisa & Cult Jam (featuring Full Force),
ARB06Z71187B99049A,Seamus Egan,
ARZL6CE1187FB3F264,Mindy McCready,"Fort Meyers, FL"
ARBYBBY11F4C8458A8,Faking David,
ARDPZFB1187B9A91C3,Gisele MacKenzie,"Winnipeg, Manitoba, Canada"
AR035N21187FB3938E,BT,Earth
ARIRBO11187FB4B219,Donna The Buffalo,
ARMBTFC1187FB56343,Korn,"Bakersfield, CA"
AR26XQ61187FB36CF3,Geggy Tah,
ART70HI1187B9A37BC,Elmore James,"Richland, MS"
ARYCP7D1187B99516B,Pat Travers,"Toronto, Canada"
AR0QL3J1187FB3748E,Clara Nunes,
ARDE7I31187FB43352,Gonzalo Rubalcaba,"Havana, Cuba"
ARGXXNS1187FB4BAA4,Minipop,Corte Madera CA
ARENLSD1241B9C71B9,Mack and Jamie,
ART97VL1187FB3BD45,F4,
ARL62M311C8A4213F2,Katie Armiger,
AR7KA5V1187FB44E6B,The Del McCoury Band,
AR4MCB01187B98BF5C,Atman,
AR0B8CT1187B9B2CF3,Fyah Blaze,
ARMB95F1187B9B5B93,Cam'Ron / Juelz Santana,"Harlem, NY"
ARYF20K1187B9B76BD,George Lopez,"ORANGE, California"
AR2BBHS1187FB4AE06,Jeff Beck Group,
AREUYDJ1187B9BA040,Krystof,"Havířov, Česká republika"
ARTHWIZ1187FB4258D,Frank Ifield,"Coventry, England"
ARJ5FD21187FB43F12,Mavado,
ARP72BU1187B99CD9A,Who Made Who,
AREDCT51187B9A6DA6,Alex Fong,
ARYGSFW1187FB519B1,Mike And The Mechanics,United Kingdom
ARLQ5EV1187FB4491D,Don Francisco,Colorado
ARHKQGH1187B9A4DB4,In Extremo,
ARKQN8X1187B99221C,Joe Rogan,"Newark, NJ"
ARNLOIO11F4C841019,Isaacs,Tennessee
ARM4J201187B9B8B3B,Gustavo Santaolalla,"Buenos Aires, Argentina"
ARDUJZJ1252CCFA253,Whitney Cummings,
ARUG6DV1187B992475,Willie Clayton,"Indianola, MS"
ARJDMBO1187B9AD118,Johnny Osbourne,
AROGAPH1187B98CF9C,Bénabar,
ARD842G1187B997376,Blue Rodeo,"Toronto, Ontario, Canada"
ARLNSD41187FB4D9A0,Sergio Franchi,Italy
ARDCQM61187B9951CE,Sneaky Sound System,"Sydney, Australia"
ARNSTES1187FB4FC9B,Shinehead,"London, England"
AR6PMJQ1187B9B9655,3 Steps Ahead,
ARHINI31187B995C1D,Singing Melody Feat. Robyn,
AR2NJG71187FB5203E,Roni Size,"Bristol, England"
AR2XI6G1187B9AE7DA,Fat Joe,"Bronx, NY"
ARMWXUE1187B9B9D3D,Los Titanes,
ARYZ1NG1187FB3FD40,Cool cavemen,"Lille, France"
ARELFAE1187FB40D0A,Bally Sagoo,
ARWPHDF1242077F0B8,:Blacks On :Blondes,
AR3FOK11187FB3F4EE,Seven Mary Three,
ARKEZNY1187B9B7F6C,Irini Merkouri,
AR2D0XK1187B98EC4A,Johnny Pearson,
AR2W4T81187FB410A7,David Gilmour Featuring Richard Wright,"Cambridgeshire, England"
AR3WMW01187B9921F7,Schizoid,
AR1ZZOW1187B99BA84,Bumblefoot,New Jersey
ARDI88R1187B98DAB2,Foxy Brown / Total,
AROUOZZ1187B9ABE51,Willie Bobo,"New York, NY [Spanish Harlem]"
ARNEL2O1187FB4421A,Bukka White,"Houston, MS"
ARE8GLF1187FB52532,Red Hot Chili Peppers,
ARLMCCW1241B9CE7CB,Kurt Tepperwein,
ARG09R51187FB4D5C2,Bryan White,"Lawton, OK"
AR6IJ6U1187B99FC7C,Alberto Cortez,
ARN7OQ21187FB5A6B3,Furry Lewis,"Greenwood, MS"
ARJ3DXR1187FB4F879,Dirty Harry,Washington
ARBB58Y1187B9B621B,Bill & Gloria Gaither,
ARRESZG1187B9A3FBF,Les Hou-Lops,
AR3TITY1187B99E790,Gyptian,
ARMPQIE1187FB3D4EB,Bounty Killer,"Kingston, Jamaica"
ARALP6I1187B989E27,The Shirelles,"Passaic, NJ"
ARXGASQ1187FB3C727,Camp Lo,"New York, NY [Bronx]"
ARU868Z1187FB47319,Wonderland,Mass. - Western
ARJ2PMY1187FB5B563,Burning Spear,NY - Long Island
ARTXGGI1187B9B3D58,Blackalicious,"Davis, CA"
ARO7FES1187B9A59BE,M.I.K.E.,"Antwerp,Belgium, New York"
ARSW5F51187FB4CFC9,Alice In Chains,"Seattle, WA"
ARSF4161187B9B449F,The Gone Jackals,
AR243ZT1187B9A98D2,Otis Spann,"Jackson, MS"
ARGYHUI1187B9AC2A5,Hanoi Rocks,
ARFUSID1241B9C9462,Daniela Dessì,Genova
AR2WUJP1187B99364C,Nicola Fasano feat. Paula B.,
AR2H1J41187FB5C640,Danny Elfman,"Los Angeles, California"
ARWGY6U1187B98B228,Orquesta Sublime,Cuba
ARRSNAA11F50C49717,Ocho y Media,
AR25LGJ1187B9B2492,Doug Sahm Tex Mex Trip,"San Antonio, TX"
ARDW74M1187B98DA34,Bill & Gloria Gaither,
AR3TG3X1187FB4D577,Atari Teenage Riot,"Berlin, Germany"
AREBSCJ1241B9C7BDF,Staatskapelle Dresden/Herbert Blomstedt,
ARX9YIP1187B98A656,RUN-DMC,
ARBPRTL11F4C83CB05,Oak Ridge Boys,
ARZCXO91187FB53708,Justin,Georgia
ARIQD5J1187B98D8DC,Kerson,Texas
ARODBRG1187FB3FD99,Nick Cave & The Bad Seeds,
ARHXWB01187B9A205C,Jean Gabin,
AR022JO1187B99587B,Ross,Indonesia
ARZRTZT124549A402A,Army of the Pharoahs,
AR7JPF81187B988D23,Charlie McCoy,"Jackson, MS"
AR7TTCH1187FB3F95C,Leon Russel,"Lawton, OK"
AR1W3MA1187B99E6D8,Danny Wright,Texas
ARL7K851187B99ACD2,Andy Andy,
ARFLBJQ1187B9B928D,Nando Lauria,
ARNSAEA1187B9B908E,Cheo Feliciano,"Ponce, Puerto Rico"
ARTZMXB1187B990A55,Streetwize,
AR6XZ861187FB4CECD,The Beatles,"Liverpool, England"
ARWVOHH1187FB5974B,Screamin' Jay Hawkins,"Cleveland, OH"
AR3THYK1187B999F1F,João Gilberto / Gilberto Gil / Caetano Veloso,
ARJBWQI1187B9B17D1,Trivium,"Orlando, FL"
ARLDW2Y1187B9B544F,Tommy James And The Shondells,"Dayton, OH"
ARB29H41187B98F0EF,Terry Callier,Chicago
ARIZCNG12802FDFC69,Coraleena Ellis,
AR5IDI61187FB43E75,Bloomfield,
AR0V36F1187FB366B1,The Chieftains,Ireland
ARW2U4O1187FB4408B,Andrew W.K.,New York NY
AR4L5ZC1187FB450A4,Bescenta,
ARH1LE01187B98D68D,John Debney,
AR8B1WY1187FB38366,Rakim,"Long Island, NY"
AR0TZ7T1187B994E37,"Dave ""Baby"" Cortez","Detroit, MI"
ARJO8W91187B9AB734,Count Ossie,
ARWAPYC1187FB3FCAF,S.U.P,
ARS86AJ1187B9B4225,Janis Joplin,"Port Arthur, TX"
ARROUEA1187FB4AA0F,Atom,Washington
AR0KBXO1187B996460,Slipknot,"Des Moines, Iowa"
ARZMWNY1187B99EBF1,Paul Geremia,"Providence, RI"
ARUUXNF1187B98FB36,Charlie Peacock,
ARN6EWN1187B9A4600,Jimmy Wyble,"Port Arthur, TX"
ARE73DO1187B9B9DDE,Los Brujos,
ARBQ5TQ1187B992B8A,Vivian,CANADA - Ontario
ARPQ4Z01187FB3A736,Butthole Surfers,"San Antonio, TX"
AR08NXW1187B99526D,Die Symphony,Missouri
ARCDLDD11F33E000A4,Varios,
ARUAKAN1187FB48204,Walter Trout,"Ocean City, NJ"
ARRJFJ31187B9961EF,Sergio Dalma,
ARMZJIZ1241B9CA2DB,The Jane Shermans,United States
AR9LJ9D1187FB4303D,Sean Kingston,"Kingston, Jamaica"
ARE36MM1187B991E50,Blind Lemon Jefferson,"Couchman, TX"
AR9HNKW1187FB57EC6,Mei Chi Chiang,
ARDVZTE1187FB5A0A1,Bon Jovi,"Sayreville, NJ"
AR9ILJF1187B9B80ED,Gabriel Yared,"Beirut, Lebanon"
ARK9W051187FB4B783,Zombina & The Skeletons,
ARGAJDQ11F50C4EDDF,Dan Shen_ Gruppo Vocale Cantemus_ Ensemble Airone_ Luigi Marzola,
AR3RNXB1187B98F0B4,Monique Marvez,
ARUNYOW1187FB43F2A,Blind Boy Fuller,"Wadesboro, NC"
ARFZDSJ1187FB494AB,Dancecore Allstars,
AR4GP451187FB3F2BB,Andy Griffith,
AROI96Z1187B9A5304,Mish Mash,
ARWGY6U1187B98B228,Orquesta Sublime,Cuba
ARPTHEV123E29C17B3,Flowin Immo et Les Freaqz,
ARXPPEY1187FB51DF4,Michael Jackson,
ARUK0W21187B995456,Isabel Pantoja,
ARYN2M61187B995BD6,Juanes,"Medellin, Colombia"
ARNR58F1187FB52FA9,BigElf,
AR3USQW1187FB4A90D,Bebo Norman,
AR6IJJ41187B98C872,Bobby Pulido,"Edinburg, TX"
ARPNDSH1187B9B942F,Sui Generis,
ARKQ6QN1187B9B016D,Photek,"Ipswich, England"
ARO08R311C8A414C15,The LeRoi Brothers,
AREOGMA1187B9908EF,Hot Tuna,"San Francisco, CA"
AR1IY3B1187B98B384,Joanna Connor,"Brooklyn, NY"
ARI8GY11187B988DF4,Hemdale,
AR2O3B51187B98CD94,Cece Winans,"Charlotte, NC"
ARTYGL51187B98F9D3,K.T. Oslin,"Crossett, AR"
ARPH0O91187B99706D,Taste,Ireland
ARWV4FQ11C8A42ABCE,Dhamika,Sweden
ARANIJI11F4C83EFD2,Toots & The Maytals,
ARISHTQ1187FB3E6F0,Ben E. King,
ARB4ZRM1187B993147,Dark Fortress,
ARQ6DNW1187FB4DF1D,Deborah Coleman,"Portsmouth, VA"
AR8W8DN1187FB35ED0,The Germs,"Los Angeles, CA"
ARMT23H1187B995083,Emilio,"SAN ANTONIO, Texas"
ARPINYO12454A2E4AB,Deathstar,Washington
ARL47TY11C8A416938,Time Factory,
ART6QCS1187FB40CBD,Los Auténticos Decadentes,
ARN03F71187FB4E3F4,Ayo,United States
ARUNHZF122988ED7DA,Lou Reid & Carolina,North Carolina
ARBFDJW1187B9AD27A,The Fabulous Thunderbirds,"Austin, TX"
ARW0Z9V1187B9A0699,Peter Tosh,"Westmoreland, Jamaica"
AREOREU1187B99AACD,Rhian Sheehan,Wellington
ARNTTHK1187B98FF64,Andy & Lucas,Cádiz
ARKKTIY11F4C845817,Chris Vickery,CANADA - Ontario
AR4UJ7O1187B994010,Buddy Johnson,"Darlington, SC"
ARLLUSZ1187B98ACDC,Tha Liks featuring King T,
ARV38Z81187B98E608,The Jets & The Sharks & Leonard Bernstein&The New York Philharmonic Orchestra,
ARDD1RC1187B9B52B4,Jacob Young,
ARZHXR61187FB3D065,The Family Stand,Brooklyn
ARS4KT21187B9B9438,Fito Paez,
ARJNOOU11F4C845A6A,Riviera Regime,
AR35YUO1187B9AD83E,Wet Wet Wet,"Glasgow, Scotland"
AR8QHU51187B9A3341,Leo Ku,
AREW7CO1187B9A1B0D,Onesidezero,"Los Angeles, CA"
ARE2XN81187B98BB83,Alexis HK,
ARCRR5X1187FB3BD4A,Elva Hsiao,
ARTL6FB1187FB4EAA7,Kool Keith,
ARDK0551187FB5AC48,Blind Willie Johnson,"Marlin, TX"
AR858UO1187FB437B4,Precious Bryant,North Carolina
ARHINI31187B995C1D,Singing Melody,
ARSIECN1257509EBB0,Kapelle Herrenweide,
ARUUXNF1187B98FB36,Charlie Peacock,
ARDPPNV11F4C842433,Marimba Alma De Chiapas De Juan Palacios,
AROMMO41187B99F8FF,Jeff Wahl,Colorado
ARW1DZQ1187B9A18E0,Vusi Mahlasela,
ARWZE8O1187B9B8480,Elmer Bernstein,"New York, NY"
ARSDSMG1187B98CB59,Eddie Cantor,"New York, NY"
ARN8NCB1187FB49652,Lionel Rogg,"Geneva, Switzerland"
AREUIRT11F4C8408E6,Peter Spence,UK - England - West Midlands
ARRJNTE1187FB44E12,Casiotone For The Painfully Alone,
AROATPL1187FB48E12,UFO,Arizona
AROSI8L1187B9ACD43,Ice Cube,"Los Angeles, CA"
ARRRVMG1187FB532AC,Radney Foster,"Del Rio, TX"
ARN3O411187FB4D859,Stephan Micus,
AR4MCB01187B98BF5C,Atman,
ARP4QQS1187B998E46,Forensics,UK - England - London
ARY1QJF1187B98EF3F,Kathleen Madigan,California - LA
AROSI8L1187B9ACD43,Ice Cube,"Los Angeles, CA"
ARFCOGY1187FB454B4,The Winans,"Detroit, MI"
ARIQZ2V1187B98E546,A-Studio,
ARFLHWV1187FB4E77F,Sandy Posey,"Jasper, AL"
ARAEXD61187B9B7543,Bellatrax feat. Tina Cousins,
ARH1UTX1187FB50CAA,Bobby Capo,Puerto Rico
ARPMJGA11F4C83BDFE,US Coast Guard Band,
ARFAKQ01187B990163,Georges Delerue,
AREXX3T1187B989950,Scott Krippayne,Washington
AROJ4RQ1187FB50102,Pinch feat. Rudey Lee,Illinois
AR9OTFC11C8A415220,D.A.D.,Copenhagen (Denmark)
ARWLJLY1187B9AD881,Desert Dwellers,
ARUHYH21187B98BA89,The Tragically Hip,"Kingston, Ontario, Canada"
AR8FMEN1187FB4A657,Lizzy Borden,"Los Angeles, CA"
ARXGICZ1187FB444DD,The Merry Macs,"Minneapolis, MN"
ARTDQRC1187FB4EFD4,Black Eyed Peas,"Los Angeles, CA"
ARGS67J1187FB3FC1A,Righteous Brothers,California
ARDPTGD1187B9AD361,Brand X,"Sikeston, MO"
ARD7TVE1187B99BFB1,Casual,California - LA
ARVD9M11187FB49291,Headhunter,
AR9OLFX1187B9A5762,Bob Wills,"Kosse, TX"
ARO4H5M1187FB4384D,Adrenaline,"Chicago, IL"
AR2AGLK1187B9AAAD0,Year Long Disaster,"Los Angeles, CA"
AR41B9G1187B990D63,Sam Fan Thomas,
ARVHJV91187B9B7C91,Terminal 11 feat. b.b0Nd,
ARPAAPH1187FB3601B,Bacilos,
AR9YI7H1187B9960E3,Dobet Gnahoré,BELGIUM
ARGKWSI11F50C488CC,Smidi Beats,Nevada
AR8J63I119B8668504,Red I Flight,
ARGY96L1187FB410ED,Jimmy McGriff,"Philadelphia, PA"
AR6Y8JF1187B9BA1D5,Jimmy Witherspoon,"Gurdon, AR"
ARB78VW1187B98F81C,George Nooks,
ARKON4P1187B98B291,Ron Goodwin,"Plymouth, Devon, England"
ARYT3BY1187B98C20E,Ed Ames,"Malden, MA"
ARTPVDV1187B9A61F1,Johnny Keating & All Stars,
ARJXULI11F4C83C865,Bela Fleck And The Flecktones,
ARPOQKS1187B988FE2,Ed Calle,Florida
ARL1QL91187B994B08,A Challenge Of Honour,
AR06IFV1187B9977EC,MU330,"St. Louis, MO"
AROG07L1187FB4C826,Boards of Canada,Scotland
ARXB7B21187B98BEF0,Marisela,
ARL5BEN1187B98E4D9,Jah Cure,"Montego Bay, Jamaica"
AR1DC0611A348EFB30,Statues,"Sudbury, Ontario - Canada"
ARIWB161187B9AA1D5,Simon & Garfunkel,"Forest Hills, Queens, New York City, NY, USA"
AR9YS621187FB5AC07,The Clark Sisters,
ARO0QD41187FB3AB0A,Keb' Mo',"Los Angeles, CA"
ARXZP9T1187FB4565D,Willie Clancy,"Miltown Malbay, Ireland"
AR65OLD1187FB5C103,P.o.d,
ARPAAHK1187B9ABB00,Nickelback,"Hanna, Alberta, Canada"
ARBQ5TQ1187B992B8A,Vivian,CANADA - Ontario
ARJA1841187FB3A029,David Bowie,"London, UK"
AR7KA5V1187FB44E6B,The Del McCoury Band,
AR8RXRI1187FB4104B,The Roots,"Philadelphia, Pennsylvania, U.S."
ARQUMH41187B9AF699,Linkin Park,"Los Angeles, CA"
AR00LNI1187FB444A5,Bruce BecVar,
AR7GUNF1187B990CCF,Between The Buried And Me,"Charlotte, NC"
ART35UC1187FB4CC25,The Flies,
ARDUJZJ1252CCFA253,Whitney Cummings,
ARSQDUN1187B98D7D7,EPMD,allentown Pennsylvania USA
AREWQSE1187B9AEC6C,The Jackson Southernaires,Mississippi
ARGIABO1187FB4B3B5,Ronnie Milsap,"Robbinsville, NC"
ARRVUWA1187B9A0FE2,Orquesta Aragon,Cuba
ARUKJUP12086C14589,Ramón Vargas,
AR7KA5V1187FB44E6B,The Del McCoury Band,
ARGTUWC1187B9904A0,Susana Seivane,
ARBEOHF1187B9B044D,Madonna,"Bay City, MI"
ARIOSKN1257509BCE1,Cama,
ARRW6DJ1187FB50A67,Pacha Massive,"New York, NY"
ARAXVPF1241B9C9684,Kuldeep Paras,
ARSMT991187B9A5C45,Keira Green,
ARW1MUW1187FB4D5A1,3 Doors Down,"Escatawpa, MS"
ARWQ2DR1187B98FF28,Ma Rainey & Her Tub Jug Washboard Band,"Columbus, GA"
ARMH10M1187FB4184F,fIREHOSE,Wisconsin
AROP6331187FB398F7,Festival,
ARF3GX71187FB3EB66,Martina McBride,"Medicine Lodge, KS"
AR0CWOB1187B99FA08,Christophe Beck,United States
ARMEADM11F50C4FDC7,Amanajé,
ARWI92K1187B98A5CC,Jets,
ARRS5961187B99F9DE,Nicho Hinojosa,
ARZBYDY1187FB46DD7,Cali,Vernet les Bains
AR5995Z1187B9A112B,The Tarriers,Illinois
ARJ1AMB1187FB40661,Sukhwinder Singh,
ARXRK5A1187FB3EAC6,Jaguares,
ARHL8SP1187B98F8A3,Sick Of It All,Virginia
ARCLFWR1187B9AE7B2,Fun Lovin' Criminals,
ARUNYOW1187FB43F2A,Blind Boy Fuller,"Wadesboro, NC"
ARO8LVR1187B9A0DE5,Jah Debda,
ARZ185I1187FB5B8C5,Jonn Serrie,Atlanta  Ga
AR58JT11187B9AF4CC,Carpenters,"New Haven, CT"
ARGNGRI11E2835D567,Tam Tam Go!,
AREY3RN1187B993C5F,Goatwhore,"New Orleans, LA"
AR5RA3W1187B9B4A22,Pepe Kalle,
ARN3O411187FB4D859,Stephan Micus,
AR9A5TK1187B9AD07F,fIREHOSE,
ARBUHDB1187FB3E72C,Bobby Vee,"Fargo, ND"
ARDAONS11F4C844929,Ray Kane,
ARDR4AC1187FB371A1,Montserrat Caballé/Royal Philharmonic Orchestra/Lamberto Gardelli,
ARHSS201187B98A8CC,Yvette Horner,
AR1CD5Z1187B98F2C2,Pat Metheny,"Lee's Summit, MO"
ARHULUL119B8668FAD,When Dinosaurs Ruled The Earth,
AR57Z841187B9B7D7D,Gregory Isaacs,"Kingston, Jamaica"
AR74W1A1187FB5ACFC,Devanic,Vienna
ARP5MSK1187B99A54C,Jimmy Burns,"Dublin, MS"
ARJQ8WU1187FB37FCD,Patrick Saint-Eloi,
ARQZ3MW1187B99C9B1,Barry Künzel,
AR4FE4N1187B99395A,Corderoy & U4IC DJ'S,
AREJXK41187B9A4ACC,Raphael,France
ARIRBO11187FB4B219,Donna The Buffalo,
ARZWBH21187B99ACE1,Günter Noris,
ARKAL321187B9AD4BE,The Gathering,
ARIT8YH1187FB43F30,Arthur Brown,"Whitby, Yorkshire, England"
ARY1VGA1187FB5A39E,Tom Cochrane,"Lynn Lake, Manitoba, Canada"
ARKCTSM11F4C83C839,Igor Stravinsky;Columbia Symphony Orchestra,
ARODP5P1187FB40142,Eddie Cano,
AR0LPDJ1187B9919F1,Derek Bell,"Belfast, Northern Ireland"
ARUHX3U1187FB57A44,Janie Fricke,"South Whitney, IN"
ARNNC731187FB55D14,Kary Ng,
ARPGYM11187FB4B1E1,Owsley,Tennessee
AR7EL201187B9B85D9,Henry Lee Summer,"Brazil, IN"
ARHRKTK1187B99E1D5,Jackie Wilson,"Detroit, MI"
ARI3W3K1187FB49E6F,Nacho Chapado feat. Stephen Massa,
ARMVRLO11F4C846488,The Villas,Pennsylvania
ARIFK6X1187B9ADA44,Will Ackerman,Germany
AR0VZWC1187B99BA57,The Berzerker,"Melbourne, Australia"
ARKIYC51187FB4775A,Juice Leskinen,
ARSCJQW1187B9B3523,Hoods,Vrsac
ARBM4TC1187FB5CE98,Natalie Cole,"Los Angeles, CA"
ARNG61X1187B98C7DF,5 Blind Boys Of Alabama,"Talladega, AL"
AR07VS41187FB37944,Mungo Jerry,
AR9YV621187B99373E,Marco Beltrami,
AR2FSX31187B98E3EF,Ricky Martin,"San Juan, Puerto Rico"
ARW4P0V1187B9B182E,Inhume,
AR3DYAD1187FB3964E,Chet Atkins,"Luttrell, TN"
ARLQ5EV1187FB4491D,Don Francisco,Colorado
ARH6W4X1187B99274F,Radiohead,"Oxford, UK"
ARB5S4L1187FB4AD20,Carlos Ponce,
AR7OEB71187B995A17,Henri Pousseur,"Malm�, Belgium"
ARBZAIL1187FB5B1C8,Bob Margolin,"Boston, MA"
ARHSNFO1187B993B7C,Grant And Wilson,Florida
ARQZTGO11E8F5C0768,The Stolen Minks,
ARRW6DJ1187FB50A67,Pacha Massive,"New York, NY"
ARUAKAN1187FB48204,Walter Trout,"Ocean City, NJ"
ARZU9NI1187B9AEE08,Babylon Disco,Karlstad
ARWJAQ81187FB46F73,Negura Bunget,Timişoara
ARBUOMY1187B99F2EB,Messy Marv featuring Clover Geez,California - SF
ARKZT1W1187FB54EEA,Marilyn Scott,"Alta Dena, CA"
AR3QRJ91187B98E4C2,Jacques Dutronc,"Paris, France"
AR46CAD1187FB4D84B,Bad Religion,"Los Angeles, Ca"
ARLHO5Z1187FB4C861,Beastie Boys,"New York, NY"
ARKHMZB1187B998670,Curtis,
AR2BG0R1187FB398C3,Dax Riggs,"Houma, LA"
ARKPDBH1242077DEB1,Murskahumppa,
ARXLX5L1187FB47BED,Crazy Horse,
ARIFGKC1187B9B04D5,Dean Martin,"Steubenville, OH"
ARDSBRF11F4C83C5DA,Jim Smoak & The Louisiana Honeydrippers,
AR4OHL91187B9B2EB9,Angela Dimitriou,
AR6TD9K1187B9A207D,Sister Rosetta Tharpe,"Cotton Plant, AR"
AR6D5OM1187B993D9E,Rhinoceros,UK - England - West Midlands
ART1R9I1187B9B3324,Margaret Becker,
ARGWLJT12086C14A09,Shunza,
AR6MIU31187B994603,Stefon Harris,
ARX2DLI1187FB4DD03,The Presets,"Sydney, Australia"
AR22KZ51187B9A0A31,Five Fingers of Funk,
AR5OHUU1187FB55B10,Peret,
AR7SF1N1187B9A91D1,John Berry,"Aiken, SC"
ARJG2ID1187B9A767E,The Jam,"Woking, Surrey, England"
ARJ0NBU1187B9AA8FA,Vulgar Pigeons,
ARGMGHN1187B9B4213,Gym Class Heroes,"Geneva, NY"
AR1USMR1187B9B6CD1,Tullycraft,
AR19JS91187B98CB66,Captain Hollywood Project,
AR0B3RS1187FB48F5D,Why?,"Cincinnati, OH"
ARS6KFB1187FB59B12,K.I.Z.,
AR23C041187FB4D534,50 Cent,"Queens, NY"
AR3CLBX1187FB5A307,Richi M.,
ARDR4AC1187FB371A1,Montserrat Caballé;Eugenio  Marco,
ARPTJHV11F4C83EF53,Mighty Diamonds,
AR05KQA1187B9963B3,D'Molls,California - LA
AR9OLFX1187B9A5762,Bob Wills,"Kosse, TX"
AR9O0LF1187B99D0D1,Aisha Duo,NY - New York City
ARMR44C1187FB433D2,Penguin Café Orchestra,
AR72Q9R1187B98A664,Hatiras,
ARY0W1O1187FB5B8C0,H-Town,Houston
ARATR0U1187B9B76D0,Dead To Me,San Francisco CA
AR7B2HD1187B9A5161,Michael Convertino,
ARORFIN1187FB3BE5C,Danielle Bollinger,Flint Michigan
ARZRR0M1187FB3EE0A,Sub Focus,
ARLOVHG1187FB39692,Sébastien Roch,
ARZKUQI11F4C8467A5,Oscar Peterson Trio,
ARYN8YT1187FB38396,Los Iracundos,
ARNMUMC1187B9A7A38,Tigerstyle,Glasgow
ARYXOV81187B99831D,Seventh Day Slumber,
ARN3O411187FB4D859,Stephan Micus,
ARHZCG01187B99E4DE,Stanley Clarke,"Philadelphia, PA"
AR0QS8F1187B9ADC96,Sandy Lam,
ARIYZFT1187FB5393E,Mart'nália,
ARIXB7T1187B9AB215,Intars Busulis,
AR8360R1187FB47C18,Cass Fox,"London, England"
ARQXR6R1187FB46FD6,Soul Asylum,"Minneapolis, MN"
ARRNO111187B9B3FC9,Galactic,
ARVX3V41187FB59E0F,Spade Cooley,
ARWQ3M31187FB4CF01,ARRESTED DEVELOPMENT,"Atlanta, GA"
ARVY1W51187B9AF4F7,99 Posse,
ARSSLTP1241B9CC51A,Stockhausen Waterman,
ARXP7MQ1187FB3AC5F,Dave Hollister,LOWELL
ARANIJI11F4C83EFD2,Toots & The Maytals,
AR7074B1187FB4C39B,Ann Lee,United States
ARW74FW1187FB554AD,Cookies,
AROY6XW1187B991121,Steve Vai,"Carle Place, New York"
ARLPXQE1187B99066C,Bonita & Jerry Cormier,jakarta
ARTHEAP122BCFCD0B2,DJ X-Change featuring Joey A,
ARI28VJ1187FB4EAD7,Slackbaba,
ARJ1OYE1187B9ACC2D,Ebba Forsberg,SWEDEN
ARSC6WR1187FB40B18,Peggy Lee,"Jamestown, ND"
AR8ZHWS1187B98CED1,Monty Are I,"Providence, RI"
AROOKC21187B9AE85C,Missy Higgins,"Melbourne, Australia"
ARAOADX1187B98AED3,Dwight Twilley,"Tulsa, OK"
ARZDQ3N1187FB5978B,Caspian,"Beverly, Massachusetts"
ARP5P651187FB5397F,Jimmie Davis,"Quitman, LA"
AR9YV621187B99373E,Marco Beltrami,
ARTK5LU1187B9A654C,Michael Gettel,
ARZ3U0K1187B999BF4,Cabas,
ARE8MZ81187B9AB2A3,Wendo Kolosoy,
ARD2NDU1187B99B615,Dropkick Murphys,"Boston, MA"
ARJUYSZ1187B9B2B23,Kati,
ARWDEEB11E2835E73C,Faces,"London, England"
ARJMW6Z1187B989C3C,Asha Puthli,India
ARRH63Y1187FB47783,Kanye West / Consequence / Cam'Ron,"Atlanta, GA"
ARLE1JH1187B9B630B,Zbigniew Preisner,
ARXKRVF11E2835D266,Mr. De',
AR6BHP31187FB365E1,Sonny Terry,"Greensboro, NC"
ARCII0J1187FB3A1B4,The Marx Brothers,"New York City, New York"
AR8FMEN1187FB4A657,Lizzy Borden,"Los Angeles, CA"
ARC1CJB1187B99FCA4,Laurie Berkner,
AREDTTS1187FB5357E,Eric Champion,
ARVAE1F1187B994957,Gerald Veasley,"Philadelphia, PA"
ARAKX8D1187B98CCE2,Bob Cheevers,Tennessee
ARXDOUQ11F50C4A239,Wednesday 13's Frankenstein Drag Queens From Planet 13,
ARLB7A11187B9A331A,Al Rapone,"Lake Charles, Louisiana"
ARKR75V1187FB3D4D5,My Chemical Romance,New Jersey
ARS7E2E1187FB361BC,Mayday,Texas
AR6G29T1187B9A99F9,KMD,
ARF3PG41187FB4B0B4,Dorothy Norwood,
AR27CRT1187B9BA011,Jordan & Baker,
ARX5XTP1187FB3D8CC,Freddie McGregor,
ARWPYQI1187FB4D55A,Rick Astley,"Newton-le-Willows, Merseyside, England"
AR8V1WA1187B9AD9E9,The White Stripes,Nashville / Los Angeles
AR0O3AV1187FB4D030,Wayne Kramer,"New York, NY"
ARIT9Y51187FB364AE,The Irish Rovers,"Alberta, Canada"
ARTE9CG1187B99B1AF,DMX,
ARB2M051187FB56FA9,The Sugarhill Gang,"New York, NY"
ARI6CSW1187B9AF09A,Eko Fresh feat. Summer Cem & DJ Ses,"M�engladbach, Germany"
AR4GAFY1187B9B639D,B.B.King,"Memphis, Tennessee"
ARYLG3I119B8668696,Rockin' Dopsie_ Jr._ The Zydeco Twisters,
AR5OB9M1187FB52F29,Darryl Worley,"Savannah, TN"
ARNBXZH122988F2C16,Ambient Music Therapy,NY - New York City
ARBM4TC1187FB5CE98,Natalie Cole,"Los Angeles, CA"
ARN7POH1187B9B301E,Jessica Simpson,"Dallas, TX"
ARSMRIN1187B9AB35A,Paul Rogers,"Middlesbrough, England"
AR3752L1187FB4B67E,The Real Kids,
AR5OHUU1187FB55B10,Peret,
ARDCKVJ1187FB54D1F,Syl Johnson,"Centerville, TN"
ARCT5P61187FB3D950,The Impressions,United States
ARYVGP31187B9A531A,John Mellencamp,"Seymour, IN"
ARRO4O51187B993066,Legion Of Green Men,"Burlington, Ontario, Canada"
ARWIMT21187B9B5AEC,Joe Turner,"Kansas City, MO"
ARNP9WW1187B990803,Cardenales del Exito,
ARRGDPV122BCFCB7F2,Bowen_ Robin Huw,
AR93RTI1187B98ECFB,Mance Lipscomb,"Navasota, TX"
AR6BAYL1187B9AC66F,Al De Lory,Tennessee
AR8LC1V1187B999F9B,Greis,
ARZXTEY1187B9997A7,Juelz Santana,"New York, NY [Harlem]"
ARHXIOW1187FB3AF67,The Mad Capsule Markets,JP
ARDF8K01187FB37200,Wolfmother,"Sydney, Australia"
AREMPZG1187B99D246,Márcio Faraco,
ARJTX7M1187FB4CED3,Be Bop Deluxe,England
AR681HS1187FB5BBFE,David Lynch,California
ARPTJHV11F4C83EF53,Mighty Diamonds,
ARCZ42S1187B98C0D7,DJ Slugo,
ARON0YP1187FB4B465,Fiona,"New York, NY"
ARTF2KG1187B98DDD1,Gold City,
ARXGWNG1187FB503A5,Ini Kamoze,
ARVEZFH1187B9A6F9C,Dominic,"Santo Domingo, Rep. Dom."
ARSPQ0H1187B999944,Eric Burdon,"Walker-on-Tyne, England"
ARYZX981187B9A995B,Zachary Richard,Louisiana
ARRU9GR1187FB43F56,Blind Willie McTell,"Thomson, GA"
ARFAKQ01187B990163,Georges Delerue,
ARVMZFK11F50C4A0D2,Tunsi,California - SF
ARSWXNX1187FB3D04E,Chango Spasiuk,Argentina
AR4TLW81187B99683D,Martin Sexton,"Syracuse, NY"
ARD2NDU1187B99B615,Dropkick Murphys,"Boston, MA"
AR4I72F1187B9A0D85,Suzi Quatro,
AR5MSL51187FB52E11,ÄI-TIEM,
ARA0JEL1187B998FA3,Dub Wiser,"Vancouver, BC, Canada"
ARKJVHY11E2835E76B,Brownie McGhee,"Knoxville, TN"
AR8TLVX1187B9B2D7D,Mithotyn,Sweden
ARGVJPK1187B9909EA,Josh Groban,
AR7AOEJ1187FB3D279,Little Milton,"Inverness, MS"
ARSS1OZ1187FB54440,Mons Leidvin Takle,
AR4W5GR1187FB51F7E,Alacranes Musical,
ARDL6T21187FB36FDD,Clifton Chenier,"Opelousas, LA"
ARM9QAE1187B9AF687,Shaman,Brazil
AR0OTEX1187FB3600D,Los Del Rio,
ARROKMI1187B9B42D0,L.a. Dream Team,
ARZ4F9B1187FB3C979,Steve Porter,UK - England - South West
ARHZCG01187B99E4DE,Stanley Clarke;Herbie Hancock,"Philadelphia, PA"
ARIHI8H1187B9B0058,Jackie Edwards,Jamaica
ARI648V1187B9B5379,Michael Stanley Band,
ARNMBZY122BCFCCEB8,Modern Day Escape,
ARKCTSM11F4C83C839,Igor Stravinsky,
ARQN3MO1187B98A811,Channel Live,
ARD842G1187B997376,Blue Rodeo,"Toronto, Ontario, Canada"
ARGLOWN1187B99C06D,North Mississippi Allstars,"Hernando, MS"
ARH0NCL1187B99B41A,Quadro Nuevo,
ARNPPTH1187B9AD429,Jimmy Page / Robert Plant,"Heston, Middlesex, England"
AR22KLC1187B98E812,Kaija Koo,
AR9NA5G1187B98F460,The Raconteurs,"Detroit, MI"
AR9MRSJ1187B99B99F,La Charanga Rubalcaba,
AR15O341187B9B182C,Natassa Theodoridou,
AR7DFJP1187B992F13,Juana Molina,
ARNVYGT1264D12B047,Roy Carrier,
ARTDMPY11F50C4BB18,Dave Graney & Clare Moore,
ARW70HR1187B9A358C,Aleks Syntek,"Merida, Mexico"
ARUZRFN1187B98AC05,Bone Thugs-N-Harmony,"Cleveland, OH"
ARYC2P31187B9B9AB7,Seguridad Social,
ARVAE6W1187FB3CAF3,The Refreshments,
ARMR44C1187FB433D2,Penguin Café Orchestra,
ARLLRL61187B9B6698,The Sonics,"Tacoma, WA"
ARA2CR31187FB36A39,The Kitchen,CANADA - Ontario
ART9VCW1187B9B6FE6,Lili Ivanova,
ARSLDFH12454A38A01,Her Majesty's Finest,
ARENXFQ1187B996F17,Ram Squad,"Philadelphia, PA"
ARHAEXZ1187FB54F3C,N.E.R.D.,
ARD3LXU1187B9ABFC5,Sex Pistols,
ARTSGR41187B9912C6,W.A.S.P.,
AR71WYS1187FB5170D,Kelly Sweet,
ARZH0R61187FB422AE,Fontella Bass,"St. Louis, MO"
ARGSAFR1269FB35070,Blingtones,
ARK02331187B9A631E,Bambino_ Ivan Tirado,Michigan
ARQJBXN1187B9B11D9,Thirst,UK - England - South West
ARPBNLO1187FB3D52F,Tiny Tim/Cast/Ghost Of Christmas Present/Scrooge,"New York, NY"
ARJIE2Y1187B994AB7,Line Renaud,
ARVBRGZ1187FB4675A,Gwen Stefani,
ARVML4B1187FB52324,Leroy Hutson,"Newark, NJ"
ARYPRAG11F50C48C62,Checkers,
AR59C6A1187B9B2143,The Cat's Miaow,Australia
ARVTGUZ1187B9AA3DA,No Address,"Tallahassee, FL"
ARCRSUM1187FB52AB0,The Frequency,
ARL2XD71187B9B690B,The Hokum Boys,
ARYVJYT1187FB484D7,John Stewart,"San Diego, CA"
AR13CXU1187B9AD30A,The Clash,"London, England"
ARTE9CG1187B99B1AF,Karaoke (Made famous by DMX),
ARTWWNA1187B9B3BD7,Frederik,
ARA3O2C1187B989063,Hinge,
ARCTEJY1269FCCF46D,Mr. Grillo,
AREDBBQ1187B98AFF5,Eddie Calvert,
ARPGCHN1187B9A2831,Nicky B,
ARUKJUP12086C14589,Ramón Vargas,
ARQIB731187FB3BE17,Arthur Fiedler;Earl Wild;Pasquale Cardillo,"Boston, MA"
ARWA6NT1187FB3F15C,The Cure,"Crawley, England"
ARW3V6T1187B9ACAC4,Miossec,"Brest, France"
ARQCHDN1187FB4C7C2,Luiz Bonfa,"Rio de Janeiro, Brazil"
ARECCJL1269FCCE7FD,Sven Scholander,
ARTYXQC1187B9ACAB2,Shaggy,"Kingston, Jamaica"
AR0IVSA1187FB4F069,Helmet,New York
ARPFKK81187B99878D,Tex Williams,"Ramsey, Fayette County, IL"
ARHHNN41187B98B4D5,Miranda Lee Richards,Los Angeles CA
ARHEQ501187FB4F898,Fruko Y Sus Tesos,
ARJCOPY1187FB5C315,K'Naan,"Mogadishu, Somalia"
ARQXR6R1187FB46FD6,Soul Asylum,"Minneapolis, MN"
ARPCRUC124549A44E6,Herbstrock,
ARQ9BO41187FB5CF1F,John Davis,Pennsylvania
ARKU3Z61187FB51DCA,Rihanna,"St Michael, Barbados"
AREBWEH1187B99EA9A,Beherit,Helsinki
ARO0QD41187FB3AB0A,Keb' Mo',"Los Angeles, CA"
ARYV1OT1187B9B4C8E,Commander Cody And His Lost Planet Airman,
ARSX72J1187FB3740D,Big Mike Griffin,
AREKZKE11F50C4A7D8,Rocker-T,Wisconsin
AR7CCS31187B98C531,Tom Barabas,
ARMORUX11F50C4EEBF,Terry Muska,Texas
ARGBGC71187FB3DD0B,DJ Nasty,
ARHUQUF1187FB382E6,T-Bone,Thaba Nchu
ARQ76LG1187B9ACD84,Black Flag,"Los Angeles, CA"
AR8E1KA1187B9A18C3,Mike Vax,
ARUACR61187FB3AB37,Kisha,
ARN5MQ11187B98A12D,2-Gether feat. Sarinah,
ARIN12F1187FB3E92C,Grant Geissman,"PEARLINGTON, Mississippi"
ARJ7KF01187B98D717,Coldplay,
ARY55LO1187B9A3F17,Three-6 Mafia,"Memphis, TN"
ARVDP1V1187FB53341,Mars Ill,
ARWGIOC1187FB4CBEF,Jim Chappell,United States
AR3MSAN1187B98F06B,OutKast featuring George Clinton,"Atlanta, GA"
ARDK0551187FB5AC48,Blind Willie Johnson,"Marlin, TX"
ARQRD391187FB5515A,Chelsea,England
ARDF6RM1187FB5A409,Martin Denny,"New York, NY"
AROF4LP1187FB41C51,Selena,Texas
AR05IU31187B9B9A1A,Alex Ubago,"Vitoria, Spain"
AR52EZT1187B9900BF,Alicia Keys,"Harlem, New York"
ARZIXB81187B98FCEC,The Plimsouls,
ARKZJ301187FB521B2,Lily Allen,LDN
AR8H87D1187FB3A841,Glen Campbell,"Delight, AR"
AR26X1C1187B9B0A1B,Conway Twitty,"Friars Point, MS"
ARE8LV21187B9B9A6B,Shifty,"Los Angeles, California"
AR77FBJ1187FB49D8D,Rance Allen Group,"Detroit, MI"
AR2ABYH1187B9A0C67,Bröderna Djup,
ARANDRM1187B98B446,Wild Horses,
AREPOUG11F4C83D36C,DJ Rashad,
ARWPHQB11F4C83B42B,Stickboy,North Carolina
AR59C6A1187B9B2143,The Cat's Miaow,Australia
ARQ91R31187FB38A88,Grandpa Jones,"Niagra, KY"
AR43KFF1187B9B74B1,Little Freddie King,Louisiana
ARZXTEY1187B9997A7,Juelz Santana,"New York, NY [Harlem]"
ARADC5W1187B993322,Dottie Rambo_ The Whites,"NASHVILLE, US"
ARU9KWP1187B98B2A7,Busdriver,
ARSW5F51187FB4CFC9,Alice In Chains,"Seattle, WA"
ARKHMZB1187B998670,Curtis,
ARKE7ZQ1187FB504BB,Blackfoot,"Jacksonville, FL"
ARJMGMP124BAE72D46,Gerald Clayton,
ARGJ0911187FB4613F,Maria Muldaur,"New York, NY"
ARM4WGN1187FB3C746,Kyle Eastwood,
ARGK9MB1187FB37402,MIMS,"New York, NY [Washington Heights]"
ARHEQ501187FB4F898,Fruko Y Sus Tesos,
ARBJFXO122C8677DF0,Dave Rave_ Mark McCarron,CANADA - Ontario
ARPN0NC1187B991591,Guitar Slim,"Greenwood, MS"
ARYDFJA1241B9CBFF2,Jacques Douai,
AR1N6N61187FB4E25E,Mongo Santamaria,"Havana, Cuba [Jesus Maria]"
AROF4LP1187FB41C51,Selena,Texas
AR3MSAN1187B98F06B,OutKast,"Atlanta, GA"
ARXHDZ81187FB43F80,Adrienne Pierce,Canada
ARZCHLM1187FB495C3,Ray Barretto,"Brooklyn, NY"
ARW45YR1187FB3DE95,Pierre Perret,
ARJ3TAF1187FB4AAB1,David & Steve Gordon,California
ARW63KF1187B98AC48,Julien Clerc,FR
ARTL6FB1187FB4EAA7,Kool Keith,
AR059HI1187B9A14D7,Roy Drusky,"Atlanta, GA"
ARBOG0H1187B99F775,MxPx,"Bremerton, WA"
ARIBTOJ11F4C83E8DD,Undertakin' Daddies,
AR8LD3R1187FB4D08F,C.C. Adcock,Louisiana
AR0VS771187B99564F,Rocky Hill,DE
ARBKEA91187B98CE1F,Claw Hammer,
AR38I491187B9B2F2D,Lil Boosie feat. Bun B_ Trae_ Yo Gotti & Foxx,
ARPVRUC1187FB4F1DE,PitchBlack,"Oakland, CA"
ARKR75V1187FB3D4D5,My Chemical Romance,New Jersey
AR6CLFP1187B9ACB94,Daniel Johnston,"Sacramento, CA"
ARWA8AH1187FB3FC84,Hot Chip,London
ARTXNYR12802FDE977,ZombieSuckers,
ARGVBQ31187B9A5F3C,Eyes Cream,
AROHUUU1269FB35937,Melanie And The Secret Army,
ARDWS2V1187B99AED0,Mazz,
AR9W3X91187FB3994C,Phil Collins,"Chiswick, London, England"
AR6UVLC1187B9B4D4C,Suzi Quatro,"Detroit, MI"
ARSQRPG11C8A4174C6,Esser,
ARZCXO91187FB53708,Justin,Georgia
ARSDSMG1187B98CB59,Eddie Cantor,"New York, NY"
ARWSMC91187B9AD369,Helen Love,"Cardiff, Wales"
AR23EC41187FB4805D,The American Boychoir,New Jersey
AR2WUJP1187B99364C,Nicola Fasano Feat. Paula B,
ARWIMT21187B9B5AEC,Joe Turner,Mississippi
ARTYGL51187B98F9D3,K.T. Oslin,"Crossett, AR"
AR93K7R1187B9AC92A,Black Debbath,"Oslo, Norway"
ARPATQ21187B9ACAFC,Happy Mondays,"Manchester, England"
ARJUSOQ1187FB3E063,Chalk Farm,
ARGAJDQ11F50C4EDDF,Dan Shen_ Gruppo Vocale Cantemus_ Ensemble Airone_ Luigi Marzola,
ARFY8NV1187B9B1961,Der Moderne Man,
ARXPE571187FB4AFD0,Rickie Lee Jones,"Chicago, IL"
ARGGEGH11F4C83C076,Miriam Yeung,
AR1ZKBE1187FB53629,Kraftwerk,"D�orf, Germany"
AR5DXUU1187B9B0E42,Falco,"Vienna, Austria"
ARIIEQL1187FB5CE68,Buddy Miles,"Omaha, NE"
ARJIQLJ1187B998316,Long John Hunter,Louisiana
ARYSIIT11F50C511A5,The Plasmatics,
ARLV03V1187B9A33A9,Djelimady Tounkara,
ARB45GQ1187B98D2B4,DeGarmo & Key,
AR8WHEJ1187B98CDCA,Dee Clark,"Blythesville, AR"
AR7FN5Y1187B99B248,J.R. Writer_ Jha Jha,
ARD44H211C8A422686,This Or The Apocalypse,
ARTR7971187FB4CF69,Rocket From The Tombs,"Cleveland, OH"
ARJB9TE1187FB3A9F8,The Edgar Broughton Band,
ARIMW0M1187B99EC59,TEN MADISON,
ARKWCGR1187B992B71,Patricia Kaas,
ARKNOZU1187FB5A371,Phil Vassar,"Lynchburg, VA"
ARMXCWK12086C13DB2,I.N.T.,NY - New York City
ARTP2PK1187B98FECA,Quinteto Violado,
ARH4N0N1187FB3E1F1,Malkit Singh,
AR6VWIR1187B98C1E9,Alturas,
AREV2491187B9B017E,Mobb Deep,"Queensbridge, NY"
ARYUHNV1187FB482AF,Megadrums,
AR9I1L41187FB37F0E,Harry Connick_ Jr.,"New Orleans, LA"
AR9A5TK1187B9AD07F,fIREHOSE,
ARUILCK12086C13991,Antonio Bribiesca,
ARS5Z5P1187FB3F325,Sex Machine ft. Shèna,Michigan
ARYGXKQ11E2835CE3B,Styles P,"New York, NY [Queens]"
ARQ8FR81187FB58D27,Gloria De Haven,
ARO7FES1187B9A59BE,M.I.K.E.,"Antwerp,Belgium, New York"
ARGOLWM1187B98CEDE,Commissioned,Michigan
ARLV8S31187B988B71,Georges Brassens,"S�, France"
ARXI7WU1187FB4D75E,Tinariwen,"Mali, Africa"
ARSDSMG1187B98CB59,Eddie Cantor,"New York, NY"
ARKAOAD1241B9CD30A,Royal Bubble Orchestra,
ARGSJW91187B9B1D6B,JennyAnyKind,North Carolina
AREOREU1187B99AACD,Rhian Sheehan,Wellington
ARHEBZJ1187FB37C3A,Samba Enredo,
ARTJJZZ1187B9BA5E7,Rishi Rich,
AR11NP91187B9901B4,The Roches,New York City
ARCLGCL1241B9CA830,Michèle Crider;Eleonora Jankovic;Vincenzo La Scola;Riccardo Muti,
AR03BDP1187FB5B324,Britney Spears,"Kentwood, LA; Los Angeles, CA"
ARZZRK91187B9A5CA5,Delroy Wilson,"Kingston, Jamaica"
ARELMNO1187FB52929,Bottom Of The Hudson,"Charlottesville, VA"
ARVWIEH1187B9B39B5,This Is Hell,"Long Island, NY"
AR8RXRI1187FB4104B,The Roots,"Philadelphia, Pennsylvania, U.S."
ARGWIHH1187B9A79B0,Test Icicles,
ARI4SKQ1187B9B43B0,Beres Hammond,
ARTK5LU1187B9A654C,Michael Gettel,
ARU34651187B99A264,Michal,NY - New York City
ARDCE3Q1187B99D0D7,Non Phixion,
ARMFGS71187B98ED03,Les Bonapartes,
ARRFTTO1241B9C8C96,Artie Fishel & The Promised Band,
ARHOCKY11E2835D7CB,Maire Brennan,
AR3VSHF1187B9B3002,Flame,St Louis MO
AR392MV1187FB3C3FE,Connie Francis,"Newark, NJ"
ARBUOOR1187B997391,Oasis,"Manchester, England"
ARW9QSZ1187FB4B93E,George Harrison,"Liverpool, England"
ARIPLUN1187B99B9F9,The Police,"London, England"
ARG3UX61187B9AC05A,D.O.W.N.,
AREY3RN1187B993C5F,Goatwhore,"New Orleans, LA"
AR3KXHI1187FB3A8BF,Dora The Explorer,
ARBYFR71187B99A2A4,Sam Baker,"Austin, TX"
AR0VZWC1187B99BA57,The Berzerker,"Melbourne, Australia"
AR5OH2Z1187B9A46A9,Iggy Pop,"Muskegon, MI"
ARVX3V41187FB59E0F,Spade Cooley,
AR8T56O1187FB51C41,Bruford,
AR7CCCC1187FB578FF,Don Gibson,"Shelby, North Carolina"
AR797VK1187B989DDE,D.A.R.,
AR0BATO119B34038DB,The Dreamtree Project,
ARLLANI1187FB5116F,Simon Harris,
